ID	EDAD	INGRE	GENERO	ECIVIL	HIJOS	NUMTC	FPAGO	HIPOTECA	TALMAC	CREDITOS
100756	44	59944	"m"	"Casado"	1	2	"Mensual"	"s"	2	0
100418	34	59508	"m"	"Casado"	1	1	"Mensual"	"s"	2	1
100590	39	59393	"f"	"Casado"	0	2	"Mensual"	"s"	1	0
100657	41	59276	"m"	"Casado"	1	2	"Mensual"	"s"	1	1
100702	42	59201	"m"	"Casado"	0	1	"Mensual"	"s"	2	0
100389	30	59036	"m"	"Casado"	1	1	"Mensual"	"s"	2	1
100725	43	57598	"f"	"Casado"	1	1	"Mensual"	"s"	1	1
100524	37	57004	"f"	"Casado"	1	1	"Mensual"	"s"	2	0
100374	33	56849	"m"	"Casado"	1	1	"Mensual"	"s"	1	1
100591	39	56523	"m"	"Casado"	1	1	"Mensual"	"s"	2	0
100494	36	55421	"m"	"Casado"	0	2	"Mensual"	"s"	2	0
100592	39	55390	"f"	"Casado"	0	1	"Mensual"	"s"	1	0
100486	36	54938	"m"	"Casado"	0	2	"Mensual"	"s"	1	0
100390	33	53559	"f"	"Casado"	1	2	"Mensual"	"s"	1	0
100448	35	53201	"m"	"Casado"	0	1	"Mensual"	"s"	2	0
100384	33	53195	"m"	"Casado"	1	2	"Mensual"	"s"	1	1
100630	40	53180	"f"	"Casado"	1	2	"Mensual"	"s"	1	0
100381	33	53115	"f"	"Casado"	0	2	"Mensual"	"s"	1	0
100761	44	53102	"m"	"Casado"	1	1	"Mensual"	"s"	1	0
100352	32	52961	"f"	"Casado"	1	1	"Mensual"	"s"	2	1
100295	30	52725	"m"	"Casado"	0	2	"Mensual"	"s"	1	0
100599	39	52495	"f"	"Casado"	1	2	"Mensual"	"s"	1	1
100346	32	52118	"m"	"Casado"	1	2	"Mensual"	"s"	1	1
100727	36	51939	"m"	"Casado"	0	1	"Mensual"	"s"	1	0
100697	26	51561	"m"	"Casado"	0	2	"Mensual"	"s"	1	0
100765	44	51498	"m"	"Casado"	0	1	"Mensual"	"s"	2	1
100662	37	50833	"m"	"Casado"	1	1	"Mensual"	"s"	2	1
100375	33	50808	"f"	"Casado"	1	2	"Mensual"	"s"	2	0
100571	38	50076	"m"	"Casado"	1	1	"Mensual"	"s"	1	1
100373	33	49678	"m"	"Casado"	0	2	"Mensual"	"s"	1	0
100705	42	49485	"m"	"Casado"	1	1	"Mensual"	"s"	1	1
100604	39	49407	"m"	"Casado"	1	2	"Mensual"	"s"	1	0
100382	33	49008	"f"	"Casado"	1	2	"Mensual"	"s"	2	0
100423	34	49007	"m"	"Casado"	1	1	"Mensual"	"s"	1	0
100532	37	48931	"m"	"Casado"	1	2	"Mensual"	"s"	2	0
100489	36	48084	"m"	"Casado"	0	2	"Mensual"	"s"	2	1
100527	37	48061	"f"	"Casado"	1	2	"Mensual"	"s"	1	0
100495	36	47734	"m"	"Casado"	0	2	"Mensual"	"s"	1	1
100422	34	47623	"m"	"Casado"	0	1	"Mensual"	"s"	2	1
100595	39	47161	"m"	"Casado"	1	2	"Mensual"	"s"	1	1
100798	29	47111	"m"	"Casado"	0	2	"Mensual"	"s"	2	1
100456	35	47026	"m"	"Casado"	1	2	"Mensual"	"s"	1	0
100707	42	46119	"m"	"Casado"	1	1	"Mensual"	"s"	2	0
100453	35	45869	"f"	"Casado"	0	2	"Mensual"	"s"	1	1
100338	32	45813	"f"	"Casado"	1	1	"Mensual"	"s"	1	0
100282	30	45715	"m"	"Casado"	0	2	"Mensual"	"s"	1	1
100684	32	45712	"f"	"Casado"	1	2	"Mensual"	"s"	1	0
100273	30	45706	"f"	"Casado"	0	2	"Mensual"	"s"	1	1
100688	42	45654	"m"	"Casado"	0	2	"Mensual"	"s"	1	0
100618	40	45463	"m"	"Casado"	0	2	"Mensual"	"s"	2	1
100558	38	45419	"f"	"Casado"	0	2	"Mensual"	"s"	1	0
100650	41	45283	"f"	"Casado"	1	1	"Mensual"	"s"	2	1
100285	30	44974	"m"	"Casado"	1	2	"Mensual"	"s"	2	0
100523	37	44936	"f"	"Casado"	1	1	"Mensual"	"s"	1	0
100602	39	44892	"m"	"Casado"	1	2	"Mensual"	"s"	1	0
100329	32	44781	"m"	"Casado"	1	1	"Mensual"	"s"	1	0
100677	42	44728	"f"	"Casado"	0	2	"Mensual"	"s"	1	0
100361	33	44613	"m"	"Casado"	0	2	"Mensual"	"s"	2	0
100676	42	44597	"f"	"Casado"	1	2	"Mensual"	"s"	1	0
100641	41	44534	"m"	"Casado"	0	2	"Mensual"	"s"	2	0
100320	31	44483	"f"	"Casado"	0	2	"Mensual"	"s"	1	0
100549	38	44460	"m"	"Casado"	0	1	"Mensual"	"s"	1	1
100496	36	44449	"m"	"Casado"	1	1	"Mensual"	"s"	1	0
100521	37	44394	"m"	"Casado"	1	1	"Mensual"	"s"	2	0
100476	36	44318	"m"	"Casado"	1	1	"Mensual"	"s"	1	0
100737	44	44306	"f"	"Casado"	0	2	"Mensual"	"s"	1	1
100781	45	44294	"m"	"Casado"	1	2	"Mensual"	"s"	1	1
100548	38	44272	"f"	"Casado"	0	1	"Mensual"	"s"	1	1
100784	45	44261	"m"	"Casado"	0	1	"Mensual"	"s"	1	1
100792	32	44230	"f"	"Casado"	1	2	"Mensual"	"s"	1	0
100280	30	44202	"m"	"Casado"	1	2	"Mensual"	"s"	1	0
100715	43	44150	"m"	"Casado"	0	2	"Mensual"	"s"	2	1
100503	37	44095	"f"	"Casado"	0	1	"Mensual"	"s"	1	0
100790	45	44072	"m"	"Casado"	1	1	"Mensual"	"s"	1	0
100407	34	43989	"m"	"Casado"	0	1	"Mensual"	"s"	2	1
100522	37	43982	"m"	"Casado"	1	2	"Mensual"	"s"	2	0
100424	34	43895	"f"	"Casado"	0	1	"Mensual"	"s"	1	1
100439	35	43890	"f"	"Casado"	0	2	"Mensual"	"s"	1	1
100444	35	43888	"m"	"Casado"	0	1	"Mensual"	"s"	2	1
100511	37	43835	"m"	"Casado"	0	2	"Mensual"	"s"	2	1
100283	30	43800	"m"	"Casado"	1	2	"Mensual"	"s"	1	0
100454	35	43799	"m"	"Casado"	1	1	"Mensual"	"s"	2	0
100473	36	43750	"m"	"Casado"	1	1	"Mensual"	"s"	2	1
100721	43	43669	"m"	"Casado"	1	1	"Mensual"	"s"	1	0
100507	37	43633	"f"	"Casado"	1	1	"Mensual"	"s"	1	0
100614	40	43622	"f"	"Casado"	0	1	"Mensual"	"s"	1	1
100368	33	43474	"m"	"Casado"	0	1	"Mensual"	"s"	1	1
100342	32	43202	"m"	"Casado"	1	1	"Mensual"	"s"	1	1
100729	43	43146	"f"	"Casado"	1	1	"Mensual"	"s"	2	1
100471	36	42980	"f"	"Casado"	0	1	"Mensual"	"s"	1	0
100392	34	42928	"m"	"Casado"	1	1	"Mensual"	"s"	2	1
100518	37	42799	"f"	"Casado"	0	1	"Mensual"	"s"	1	0
100447	35	42719	"m"	"Casado"	0	1	"Mensual"	"s"	1	1
100791	45	42464	"m"	"Casado"	0	2	"Mensual"	"s"	1	1
100686	29	42429	"m"	"Casado"	1	2	"Mensual"	"s"	2	1
100482	36	42356	"f"	"Casado"	0	2	"Mensual"	"s"	1	0
100779	45	42334	"f"	"Casado"	0	1	"Mensual"	"s"	1	0
100387	33	42313	"m"	"Casado"	1	1	"Mensual"	"s"	2	0
100680	42	42231	"m"	"Casado"	1	2	"Mensual"	"s"	2	1
100362	33	42192	"f"	"Casado"	1	2	"Mensual"	"s"	1	0
100617	40	42143	"m"	"Casado"	0	2	"Mensual"	"s"	2	0
100714	43	42106	"f"	"Casado"	0	1	"Mensual"	"s"	2	0
100498	36	42091	"f"	"Casado"	0	1	"Mensual"	"s"	1	0
100525	37	42024	"f"	"Casado"	1	2	"Mensual"	"s"	2	0
100299	30	41965	"f"	"Casado"	1	1	"Mensual"	"s"	2	0
100636	41	41964	"f"	"Casado"	0	2	"Mensual"	"s"	1	1
100339	32	41879	"m"	"Casado"	0	1	"Mensual"	"s"	2	0
100475	36	41767	"m"	"Casado"	0	2	"Mensual"	"s"	1	0
100762	44	41750	"f"	"Casado"	0	1	"Mensual"	"s"	2	0
100483	36	41725	"m"	"Casado"	0	2	"Mensual"	"s"	2	1
100413	34	41629	"m"	"Casado"	1	2	"Mensual"	"s"	2	1
100309	31	41513	"f"	"Casado"	1	2	"Mensual"	"s"	1	1
100553	38	41506	"f"	"Casado"	0	1	"Mensual"	"s"	1	0
100719	31	41315	"f"	"Casado"	0	1	"Mensual"	"s"	1	0
100349	32	41300	"f"	"Casado"	0	2	"Mensual"	"s"	2	0
100277	30	41281	"m"	"Casado"	0	1	"Mensual"	"s"	1	1
100457	35	41132	"f"	"Casado"	0	2	"Mensual"	"s"	2	1
100478	36	41086	"m"	"Casado"	1	1	"Mensual"	"s"	1	1
100740	44	41048	"m"	"Casado"	0	1	"Mensual"	"s"	1	1
100434	35	40992	"m"	"Casado"	1	2	"Mensual"	"s"	2	0
100508	37	40991	"m"	"Casado"	1	2	"Mensual"	"s"	1	0
100577	39	40964	"m"	"Casado"	1	1	"Mensual"	"s"	2	1
100514	37	40949	"f"	"Casado"	1	2	"Mensual"	"s"	2	0
100391	34	40949	"f"	"Casado"	0	2	"Mensual"	"s"	1	1
100610	40	40912	"m"	"Casado"	0	1	"Mensual"	"s"	1	0
100435	35	40909	"f"	"Casado"	0	1	"Mensual"	"s"	2	0
100611	40	40855	"f"	"Casado"	0	1	"Mensual"	"s"	2	1
100336	32	40782	"f"	"Casado"	0	2	"Mensual"	"s"	2	0
100748	44	40626	"f"	"Casado"	1	2	"Mensual"	"s"	1	1
100689	27	40626	"m"	"Casado"	1	2	"Mensual"	"s"	1	0
100787	45	40609	"m"	"Casado"	1	1	"Mensual"	"s"	2	0
100296	30	40583	"m"	"Casado"	1	2	"Mensual"	"s"	2	1
100446	35	40507	"m"	"Casado"	1	1	"Mensual"	"s"	2	1
100481	36	40493	"m"	"Casado"	1	1	"Mensual"	"s"	1	1
100515	37	40446	"m"	"Casado"	0	2	"Mensual"	"s"	2	1
100738	44	40425	"m"	"Casado"	0	1	"Mensual"	"s"	1	1
100538	37	40398	"m"	"Casado"	0	2	"Mensual"	"s"	2	1
100583	39	40335	"m"	"Casado"	1	2	"Mensual"	"s"	2	0
100655	41	40100	"f"	"Casado"	1	1	"Mensual"	"s"	2	0
100575	39	40057	"m"	"Casado"	0	1	"Mensual"	"s"	1	1
100301	31	39696	"m"	"Casado"	0	1	"Mensual"	"s"	1	0
100061	29	39476	"f"	"Soltero"	0	0	"Mensual"	"s"	1	0
100778	32	39416	"f"	"Casado"	1	1	"Mensual"	"s"	2	1
100572	39	39188	"m"	"Casado"	0	2	"Mensual"	"s"	1	0
100047	28	39121	"f"	"Soltero"	0	0	"Mensual"	"s"	2	0
100108	33	39024	"f"	"Soltero"	0	0	"Mensual"	"s"	1	0
100160	37	38191	"f"	"Soltero"	0	0	"Mensual"	"s"	2	0
100675	42	37837	"m"	"Casado"	1	2	"Mensual"	"s"	2	1
100501	37	37810	"f"	"Casado"	1	2	"Mensual"	"s"	1	0
100118	34	37062	"f"	"Soltero"	0	1	"Mensual"	"s"	2	0
100224	41	36873	"f"	"Soltero"	0	1	"Mensual"	"s"	0	0
100709	43	36255	"m"	"Casado"	0	2	"Mensual"	"s"	2	1
100092	32	36167	"m"	"Soltero"	0	0	"Mensual"	"s"	0	0
100328	32	35616	"f"	"Casado"	0	1	"Mensual"	"s"	1	0
100176	38	35193	"f"	"Soltero"	0	0	"Mensual"	"s"	2	0
100074	30	34328	"f"	"Soltero"	0	0	"Mensual"	"s"	2	0
100462	36	34288	"m"	"Casado"	0	1	"Mensual"	"s"	2	0
100181	38	34281	"f"	"Soltero"	0	1	"Mensual"	"s"	1	0
100132	35	33808	"f"	"Soltero"	0	0	"Mensual"	"s"	0	0
100427	35	33679	"f"	"Casado"	0	2	"Mensual"	"s"	2	1
100148	37	33635	"f"	"Soltero"	0	1	"Mensual"	"s"	0	0
100734	44	33454	"m"	"Casado"	0	1	"Mensual"	"s"	1	1
100046	28	33220	"m"	"Soltero"	0	0	"Mensual"	"s"	0	0
100773	35	32977	"m"	"Casado"	0	2	"Mensual"	"s"	1	1
100161	37	32732	"m"	"Soltero"	0	1	"Mensual"	"s"	1	0
100219	41	32694	"m"	"Soltero"	0	1	"Mensual"	"s"	1	0
100023	26	32644	"f"	"Soltero"	0	1	"Mensual"	"s"	1	0
100014	37	32640	"f"	"Soltero"	0	0	"Mensual"	"s"	2	0
100180	38	32585	"m"	"Soltero"	0	1	"Mensual"	"s"	2	0
100631	41	32526	"f"	"Casado"	0	1	"Mensual"	"s"	1	1
100540	38	32363	"f"	"Casado"	0	1	"Mensual"	"s"	2	0
100192	39	31771	"m"	"Soltero"	0	0	"Mensual"	"s"	0	0
100230	30	31689	"m"	"Soltero"	0	0	"Mensual"	"s"	2	0
100121	34	31567	"f"	"Soltero"	0	1	"Mensual"	"s"	0	0
100251	35	31454	"m"	"Soltero"	0	1	"Mensual"	"s"	0	0
100358	33	31453	"m"	"Casado"	1	2	"Mensual"	"s"	1	0
100116	34	31391	"f"	"Soltero"	0	0	"Mensual"	"s"	2	0
100265	45	31237	"m"	"Soltero"	0	0	"Mensual"	"s"	0	0
100179	38	31101	"m"	"Soltero"	0	0	"Mensual"	"s"	1	0
100010	25	30908	"f"	"Soltero"	0	0	"Mensual"	"s"	2	0
100232	42	30807	"f"	"Soltero"	0	1	"Mensual"	"s"	1	0
100034	27	30796	"f"	"Soltero"	0	0	"Mensual"	"s"	2	0
100246	43	30791	"f"	"Soltero"	0	1	"Mensual"	"s"	1	0
103175	43	29993	"f"	"ViuSepDiv"	3	6	"Quincenal"	"s"	4	2
103161	43	29987	"f"	"ViuSepDiv"	4	5	"Quincenal"	"s"	4	2
103829	42	29963	"f"	"Casado"	3	4	"Mensual"	"s"	4	2
103100	42	29943	"f"	"ViuSepDiv"	4	6	"Quincenal"	"n"	5	2
100502	37	29934	"f"	"Casado"	1	1	"Mensual"	"s"	2	1
100042	28	29912	"f"	"Soltero"	0	0	"Mensual"	"s"	1	0
103006	41	29907	"m"	"ViuSepDiv"	2	6	"Quincenal"	"s"	3	2
103090	42	29896	"f"	"ViuSepDiv"	3	5	"Quincenal"	"s"	3	3
100004	32	29892	"f"	"Soltero"	0	0	"Mensual"	"s"	0	0
103009	41	29873	"f"	"ViuSepDiv"	3	6	"Quincenal"	"n"	3	2
103862	43	29868	"f"	"Casado"	3	3	"Mensual"	"s"	5	1
103013	41	29860	"m"	"ViuSepDiv"	2	5	"Quincenal"	"n"	3	3
100143	36	29848	"f"	"Soltero"	0	1	"Mensual"	"s"	0	0
103714	50	29843	"m"	"ViuSepDiv"	2	6	"Quincenal"	"n"	5	2
103341	45	29840	"m"	"ViuSepDiv"	3	6	"Quincenal"	"s"	4	3
104102	50	29822	"f"	"Casado"	2	3	"Quincenal"	"s"	4	2
100607	40	29816	"m"	"Casado"	0	2	"Mensual"	"s"	1	0
100263	26	29810	"m"	"Soltero"	0	1	"Mensual"	"s"	0	0
103856	43	29803	"m"	"Casado"	3	3	"Quincenal"	"s"	4	1
103408	28	29795	"m"	"ViuSepDiv"	2	5	"Quincenal"	"n"	5	3
100033	27	29786	"m"	"Soltero"	0	0	"Mensual"	"s"	0	0
103332	45	29780	"m"	"ViuSepDiv"	4	6	"Quincenal"	"s"	3	3
103080	42	29779	"f"	"ViuSepDiv"	3	5	"Quincenal"	"s"	3	2
103015	41	29775	"f"	"ViuSepDiv"	3	5	"Quincenal"	"s"	5	2
100058	29	29749	"m"	"Soltero"	0	0	"Mensual"	"s"	2	0
104070	49	29748	"m"	"Casado"	3	3	"Mensual"	"s"	4	2
103497	47	29706	"m"	"ViuSepDiv"	2	5	"Quincenal"	"s"	4	3
104005	26	29602	"f"	"Casado"	2	3	"Quincenal"	"s"	5	2
103665	49	29600	"f"	"ViuSepDiv"	2	6	"Quincenal"	"s"	3	3
103067	32	29552	"m"	"ViuSepDiv"	3	5	"Quincenal"	"n"	5	3
102916	40	29541	"f"	"ViuSepDiv"	4	5	"Quincenal"	"n"	3	3
103575	30	29438	"m"	"ViuSepDiv"	4	6	"Quincenal"	"s"	4	2
103659	32	29397	"m"	"ViuSepDiv"	4	5	"Quincenal"	"s"	4	2
103728	50	29374	"f"	"ViuSepDiv"	2	6	"Quincenal"	"n"	3	2
103263	44	29362	"f"	"ViuSepDiv"	3	5	"Quincenal"	"n"	5	3
103420	46	29349	"f"	"ViuSepDiv"	3	5	"Quincenal"	"s"	3	2
100195	39	29343	"f"	"Soltero"	0	0	"Mensual"	"s"	2	0
103973	46	29338	"m"	"Casado"	2	3	"Quincenal"	"s"	5	1
103018	41	29303	"m"	"ViuSepDiv"	3	6	"Quincenal"	"s"	3	2
103156	43	29301	"f"	"ViuSepDiv"	3	5	"Quincenal"	"s"	3	2
103489	32	29258	"f"	"ViuSepDiv"	2	5	"Quincenal"	"n"	5	3
100201	40	29216	"m"	"Soltero"	0	1	"Mensual"	"s"	2	0
103069	42	29202	"f"	"ViuSepDiv"	4	6	"Quincenal"	"s"	4	3
103247	38	29196	"f"	"ViuSepDiv"	3	6	"Quincenal"	"n"	4	3
100102	33	29182	"m"	"Soltero"	0	0	"Mensual"	"s"	2	0
104107	50	29168	"m"	"Casado"	2	4	"Mensual"	"s"	5	1
102918	40	29151	"f"	"ViuSepDiv"	2	5	"Quincenal"	"s"	5	2
103569	48	29119	"f"	"ViuSepDiv"	2	5	"Quincenal"	"n"	3	2
103483	47	29090	"m"	"ViuSepDiv"	2	6	"Quincenal"	"s"	4	3
103827	42	29078	"f"	"Casado"	2	4	"Quincenal"	"s"	5	1
103719	50	29069	"f"	"ViuSepDiv"	4	6	"Quincenal"	"n"	5	2
103421	38	29060	"m"	"ViuSepDiv"	3	5	"Quincenal"	"n"	5	2
103237	44	29022	"m"	"ViuSepDiv"	2	5	"Quincenal"	"n"	4	3
100573	39	28991	"f"	"Casado"	1	2	"Mensual"	"s"	2	0
104002	47	28983	"m"	"Casado"	2	4	"Mensual"	"s"	5	1
103592	48	28976	"m"	"ViuSepDiv"	3	5	"Quincenal"	"n"	4	3
104030	48	28972	"m"	"Casado"	2	4	"Quincenal"	"s"	5	1
103931	29	28952	"f"	"Casado"	3	3	"Mensual"	"s"	4	1
103164	43	28905	"f"	"ViuSepDiv"	3	6	"Quincenal"	"n"	5	2
103426	46	28899	"f"	"ViuSepDiv"	2	5	"Quincenal"	"n"	3	2
100019	26	28852	"m"	"Soltero"	0	1	"Mensual"	"s"	2	0
103739	50	28799	"f"	"ViuSepDiv"	3	5	"Quincenal"	"n"	3	2
103589	48	28758	"f"	"ViuSepDiv"	2	6	"Quincenal"	"n"	5	2
103507	47	28742	"f"	"ViuSepDiv"	4	6	"Quincenal"	"n"	5	2
102930	40	28714	"m"	"ViuSepDiv"	3	5	"Quincenal"	"n"	5	2
104075	49	28708	"m"	"Casado"	2	3	"Mensual"	"s"	5	2
100735	44	28687	"f"	"Casado"	1	1	"Mensual"	"s"	2	0
103863	43	28631	"f"	"Casado"	2	4	"Mensual"	"s"	5	2
103492	47	28602	"f"	"ViuSepDiv"	3	6	"Quincenal"	"n"	3	2
103868	43	28592	"m"	"Casado"	3	3	"Quincenal"	"s"	4	1
102990	41	28550	"f"	"ViuSepDiv"	2	6	"Quincenal"	"s"	5	2
102983	41	28546	"m"	"ViuSepDiv"	3	5	"Quincenal"	"n"	4	3
102985	38	28528	"f"	"ViuSepDiv"	3	6	"Quincenal"	"s"	4	2
103253	44	28499	"f"	"ViuSepDiv"	3	5	"Quincenal"	"n"	5	3
103644	31	28474	"m"	"ViuSepDiv"	2	5	"Quincenal"	"n"	3	3
102915	40	28455	"f"	"ViuSepDiv"	3	6	"Quincenal"	"s"	4	2
103732	50	28453	"m"	"ViuSepDiv"	4	6	"Quincenal"	"s"	5	2
103072	42	28418	"m"	"ViuSepDiv"	3	5	"Quincenal"	"s"	3	3
103061	42	28407	"m"	"ViuSepDiv"	2	6	"Quincenal"	"n"	3	2
102998	41	28351	"m"	"ViuSepDiv"	3	6	"Quincenal"	"n"	3	2
103664	49	28336	"f"	"ViuSepDiv"	2	5	"Quincenal"	"n"	5	3
100085	31	28315	"m"	"Soltero"	0	0	"Mensual"	"s"	1	0
103587	48	28294	"m"	"ViuSepDiv"	4	6	"Quincenal"	"n"	5	2
100125	35	28289	"f"	"Soltero"	0	1	"Mensual"	"s"	0	0
103159	43	28275	"f"	"ViuSepDiv"	3	6	"Quincenal"	"n"	4	3
103568	48	28252	"m"	"ViuSepDiv"	2	5	"Quincenal"	"s"	4	2
100149	37	28224	"m"	"Soltero"	0	1	"Mensual"	"s"	1	0
103262	44	28181	"f"	"ViuSepDiv"	3	5	"Quincenal"	"s"	5	2
100461	36	28156	"f"	"Casado"	0	1	"Mensual"	"s"	1	0
104003	47	28154	"m"	"Casado"	2	4	"Mensual"	"s"	4	1
104115	34	28146	"m"	"Casado"	2	3	"Mensual"	"s"	5	1
103149	43	28102	"m"	"ViuSepDiv"	2	6	"Quincenal"	"n"	4	2
100001	25	28085	"f"	"Soltero"	0	1	"Mensual"	"s"	1	0
103248	44	28063	"f"	"ViuSepDiv"	3	6	"Quincenal"	"n"	5	2
103597	48	28060	"m"	"ViuSepDiv"	2	6	"Quincenal"	"n"	5	3
103713	50	28025	"f"	"ViuSepDiv"	2	6	"Quincenal"	"s"	5	2
103795	41	28000	"f"	"Casado"	2	4	"Quincenal"	"s"	5	1
103401	46	27994	"m"	"ViuSepDiv"	2	5	"Quincenal"	"n"	5	3
100013	25	27987	"f"	"Soltero"	0	1	"Mensual"	"s"	2	0
103667	49	27986	"m"	"ViuSepDiv"	2	6	"Quincenal"	"n"	3	3
102986	41	27928	"f"	"ViuSepDiv"	4	5	"Quincenal"	"n"	4	2
103177	43	27922	"f"	"ViuSepDiv"	4	5	"Quincenal"	"s"	4	2
103802	27	27917	"m"	"Casado"	3	3	"Mensual"	"s"	4	2
100174	38	27913	"f"	"Soltero"	0	0	"Mensual"	"s"	1	0
102994	41	27885	"f"	"ViuSepDiv"	4	6	"Quincenal"	"s"	5	2
100184	39	27841	"m"	"Soltero"	0	0	"Mensual"	"s"	0	0
100542	38	27828	"f"	"Casado"	1	1	"Mensual"	"s"	1	0
103257	44	27816	"m"	"ViuSepDiv"	2	5	"Quincenal"	"s"	4	3
103407	46	27693	"m"	"ViuSepDiv"	2	5	"Quincenal"	"n"	5	2
103514	47	27678	"f"	"ViuSepDiv"	4	6	"Quincenal"	"s"	3	2
100060	29	27632	"f"	"Soltero"	0	1	"Mensual"	"s"	1	0
100024	26	27605	"f"	"Soltero"	0	1	"Mensual"	"s"	2	0
103910	44	27590	"m"	"Casado"	3	3	"Mensual"	"s"	4	2
103975	46	27569	"m"	"Casado"	3	3	"Quincenal"	"s"	4	2
104041	28	27566	"f"	"Casado"	3	3	"Quincenal"	"s"	4	2
103502	47	27539	"m"	"ViuSepDiv"	2	6	"Quincenal"	"s"	4	2
103740	50	27519	"m"	"ViuSepDiv"	3	6	"Quincenal"	"n"	3	2
103650	49	27450	"f"	"ViuSepDiv"	2	5	"Quincenal"	"n"	3	3
103655	49	27438	"m"	"ViuSepDiv"	4	5	"Quincenal"	"n"	5	3
100226	41	27334	"f"	"Soltero"	0	1	"Mensual"	"s"	1	0
100020	26	27332	"f"	"Soltero"	0	0	"Mensual"	"s"	0	0
103265	44	27270	"m"	"ViuSepDiv"	3	6	"Quincenal"	"n"	5	3
103898	44	27269	"f"	"Casado"	2	3	"Mensual"	"s"	5	1
103333	45	27267	"m"	"ViuSepDiv"	4	6	"Quincenal"	"n"	3	3
100080	31	27252	"m"	"Soltero"	0	0	"Mensual"	"s"	0	0
103577	48	27154	"m"	"ViuSepDiv"	2	6	"Quincenal"	"s"	3	2
103417	46	27133	"m"	"ViuSepDiv"	2	5	"Quincenal"	"s"	5	2
103828	42	27128	"m"	"Casado"	3	4	"Quincenal"	"s"	4	2
100302	31	27105	"f"	"Casado"	0	2	"Mensual"	"s"	2	1
103906	44	27089	"f"	"Casado"	2	4	"Quincenal"	"s"	4	1
103500	47	27086	"m"	"ViuSepDiv"	2	5	"Quincenal"	"n"	5	2
103594	48	27045	"f"	"ViuSepDiv"	4	5	"Quincenal"	"n"	4	3
103801	41	27043	"f"	"Casado"	3	4	"Quincenal"	"s"	4	1
103233	44	27030	"f"	"ViuSepDiv"	4	5	"Quincenal"	"n"	5	3
104043	48	27016	"m"	"Casado"	2	4	"Quincenal"	"s"	5	1
103170	43	27008	"f"	"ViuSepDiv"	4	6	"Quincenal"	"n"	3	2
100215	34	27004	"f"	"Soltero"	0	0	"Mensual"	"s"	2	0
103256	44	26967	"f"	"ViuSepDiv"	4	6	"Quincenal"	"n"	4	2
103176	43	26956	"f"	"ViuSepDiv"	3	6	"Quincenal"	"n"	5	3
103654	49	26952	"f"	"ViuSepDiv"	4	5	"Quincenal"	"n"	4	2
103174	43	26943	"f"	"ViuSepDiv"	3	5	"Quincenal"	"n"	3	2
100171	38	26916	"m"	"Soltero"	0	1	"Mensual"	"s"	2	0
103835	42	26872	"m"	"Casado"	3	4	"Mensual"	"s"	4	1
103089	42	26848	"f"	"ViuSepDiv"	2	6	"Quincenal"	"s"	3	3
103661	49	26766	"f"	"ViuSepDiv"	2	5	"Quincenal"	"s"	4	2
104106	50	26746	"f"	"Casado"	2	4	"Quincenal"	"s"	5	1
103005	41	26736	"m"	"ViuSepDiv"	2	5	"Quincenal"	"n"	4	2
103258	33	26725	"f"	"ViuSepDiv"	2	5	"Quincenal"	"s"	5	3
103335	45	26710	"f"	"ViuSepDiv"	2	5	"Quincenal"	"s"	5	2
103510	47	26664	"f"	"ViuSepDiv"	2	6	"Quincenal"	"n"	4	3
100063	30	26602	"m"	"Soltero"	0	0	"Mensual"	"s"	2	0
103859	43	26572	"f"	"Casado"	2	4	"Quincenal"	"s"	4	2
103643	49	26551	"m"	"ViuSepDiv"	4	6	"Quincenal"	"n"	3	2
100163	38	26550	"m"	"Soltero"	0	0	"Mensual"	"s"	0	0
103091	42	26492	"f"	"ViuSepDiv"	3	5	"Quincenal"	"n"	5	3
100079	31	26485	"f"	"Soltero"	0	0	"Mensual"	"s"	1	0
103903	44	26476	"f"	"Casado"	2	3	"Mensual"	"s"	4	1
104110	50	26417	"f"	"Casado"	3	4	"Quincenal"	"s"	5	1
103798	29	26416	"f"	"Casado"	3	3	"Mensual"	"s"	5	1
103583	32	26415	"m"	"ViuSepDiv"	2	6	"Quincenal"	"s"	5	3
103670	49	26352	"f"	"ViuSepDiv"	4	5	"Quincenal"	"n"	3	3
102914	40	26332	"m"	"ViuSepDiv"	4	6	"Quincenal"	"n"	3	3
103649	49	26291	"m"	"ViuSepDiv"	4	6	"Quincenal"	"s"	5	2
102931	40	26252	"m"	"ViuSepDiv"	4	5	"Quincenal"	"n"	3	3
103598	29	26238	"m"	"ViuSepDiv"	4	5	"Quincenal"	"s"	3	2
103008	41	26203	"f"	"ViuSepDiv"	3	5	"Quincenal"	"s"	4	2
103392	46	26178	"m"	"ViuSepDiv"	2	5	"Quincenal"	"s"	4	3
103157	43	26166	"m"	"ViuSepDiv"	3	5	"Quincenal"	"n"	4	3
103480	47	26152	"f"	"ViuSepDiv"	2	5	"Quincenal"	"s"	4	3
103166	43	26144	"m"	"ViuSepDiv"	4	5	"Quincenal"	"s"	3	3
103653	34	26140	"m"	"ViuSepDiv"	3	6	"Quincenal"	"s"	4	3
103574	48	26129	"m"	"ViuSepDiv"	3	6	"Quincenal"	"n"	5	3
103948	45	26125	"f"	"Casado"	3	3	"Quincenal"	"s"	4	1
103086	31	26120	"m"	"ViuSepDiv"	2	5	"Quincenal"	"s"	5	2
103000	41	26098	"f"	"ViuSepDiv"	4	5	"Quincenal"	"n"	3	3
103593	48	26087	"f"	"ViuSepDiv"	3	6	"Quincenal"	"n"	4	2
103508	47	26081	"f"	"ViuSepDiv"	2	5	"Quincenal"	"n"	3	3
100073	30	26077	"f"	"Soltero"	0	0	"Mensual"	"s"	1	0
103094	42	26056	"f"	"ViuSepDiv"	4	6	"Quincenal"	"s"	3	2
103312	45	26043	"f"	"ViuSepDiv"	2	5	"Quincenal"	"n"	3	2
103666	49	26009	"f"	"ViuSepDiv"	2	6	"Quincenal"	"s"	5	3
103254	44	25971	"f"	"ViuSepDiv"	4	5	"Quincenal"	"n"	3	3
100039	28	25935	"m"	"Soltero"	0	1	"Mensual"	"s"	0	0
103003	41	25931	"f"	"ViuSepDiv"	4	6	"Quincenal"	"n"	4	3
104032	36	25920	"f"	"Casado"	2	4	"Quincenal"	"s"	4	2
104044	33	25848	"m"	"Casado"	2	4	"Quincenal"	"s"	5	2
103834	42	25826	"f"	"Casado"	3	4	"Quincenal"	"s"	5	1
100211	31	25753	"f"	"Soltero"	0	0	"Mensual"	"s"	0	0
100098	33	25747	"f"	"Soltero"	0	1	"Mensual"	"s"	0	0
103260	44	25725	"m"	"ViuSepDiv"	2	6	"Quincenal"	"s"	4	2
103945	33	25678	"f"	"Casado"	2	3	"Quincenal"	"s"	5	2
103648	49	25651	"f"	"ViuSepDiv"	3	5	"Quincenal"	"n"	4	3
103404	46	25643	"f"	"ViuSepDiv"	4	5	"Quincenal"	"n"	3	2
104035	48	25613	"f"	"Casado"	2	4	"Quincenal"	"s"	5	1
102921	40	25607	"f"	"ViuSepDiv"	2	6	"Quincenal"	"s"	3	3
103070	42	25517	"m"	"ViuSepDiv"	2	5	"Quincenal"	"s"	3	3
103081	33	25460	"m"	"ViuSepDiv"	3	5	"Quincenal"	"n"	5	3
104007	29	25418	"m"	"Casado"	3	4	"Mensual"	"s"	4	2
104037	48	25396	"f"	"Casado"	3	4	"Mensual"	"s"	5	1
103651	49	25383	"f"	"ViuSepDiv"	2	6	"Quincenal"	"n"	5	3
104008	47	25342	"m"	"Casado"	3	3	"Quincenal"	"s"	4	2
103148	43	25327	"f"	"ViuSepDiv"	2	6	"Quincenal"	"s"	4	3
103865	37	25280	"f"	"Casado"	2	3	"Mensual"	"s"	5	2
100114	34	25276	"f"	"Soltero"	0	1	"Mensual"	"s"	1	0
103234	44	25263	"f"	"ViuSepDiv"	4	6	"Quincenal"	"s"	4	3
104072	49	25178	"m"	"Casado"	2	3	"Mensual"	"s"	5	2
103238	44	25124	"f"	"ViuSepDiv"	3	5	"Quincenal"	"s"	4	2
103246	44	25124	"f"	"ViuSepDiv"	3	6	"Quincenal"	"s"	3	2
103230	44	25010	"f"	"ViuSepDiv"	2	6	"Quincenal"	"n"	5	3
102687	30	24996	"f"	"Soltero"	1	3	"Mensual"	"n"	3	1
104062	49	24991	"m"	"Casado"	3	4	"Mensual"	"s"	5	2
103928	45	24988	"m"	"Casado"	3	4	"Quincenal"	"s"	4	1
102975	41	24970	"f"	"ViuSepDiv"	3	5	"Quincenal"	"n"	5	3
102497	23	24958	"m"	"Soltero"	0	1	"Mensual"	"s"	3	1
102389	22	24943	"m"	"Soltero"	1	1	"Mensual"	"s"	3	1
100906	35	24939	"f"	"Casado"	2	2	"Mensual"	"s"	1	2
102683	24	24938	"f"	"Soltero"	0	2	"Mensual"	"s"	1	1
101498	22	24931	"f"	"Casado"	1	0	"Quincenal"	"s"	3	1
101249	20	24926	"f"	"Casado"	2	2	"Quincenal"	"s"	2	2
101081	19	24920	"m"	"Casado"	2	1	"Mensual"	"s"	2	1
101821	24	24914	"m"	"Casado"	1	2	"Quincenal"	"s"	2	1
102230	21	24911	"m"	"Soltero"	0	2	"Mensual"	"n"	2	1
101540	22	24910	"m"	"Casado"	2	1	"Quincenal"	"s"	3	2
102674	24	24905	"f"	"Soltero"	1	3	"Mensual"	"n"	1	1
102808	25	24904	"m"	"Soltero"	0	1	"Quincenal"	"n"	3	1
102677	24	24903	"m"	"Soltero"	0	2	"Quincenal"	"n"	2	1
103694	50	24887	"m"	"ViuSepDiv"	2	6	"Quincenal"	"n"	5	2
103128	43	24877	"f"	"ViuSepDiv"	3	6	"Quincenal"	"s"	4	2
101790	24	24877	"m"	"Casado"	1	0	"Mensual"	"s"	1	2
101559	22	24863	"f"	"Casado"	2	0	"Mensual"	"s"	3	2
102981	41	24862	"m"	"ViuSepDiv"	4	6	"Quincenal"	"n"	4	3
102836	25	24860	"f"	"Soltero"	1	3	"Mensual"	"n"	1	1
102499	23	24854	"f"	"Soltero"	0	1	"Quincenal"	"s"	2	1
103296	30	24839	"m"	"ViuSepDiv"	4	6	"Quincenal"	"n"	3	2
100927	18	24837	"m"	"Casado"	2	2	"Quincenal"	"s"	1	1
103054	42	24835	"m"	"ViuSepDiv"	2	6	"Quincenal"	"s"	4	2
100944	18	24832	"m"	"Casado"	2	0	"Quincenal"	"s"	1	1
101373	21	24823	"f"	"Casado"	1	0	"Quincenal"	"s"	2	1
102403	22	24806	"f"	"Soltero"	1	1	"Mensual"	"n"	2	1
101965	25	24789	"m"	"Casado"	2	2	"Quincenal"	"s"	2	2
101668	23	24787	"f"	"Casado"	2	2	"Quincenal"	"s"	1	2
100939	18	24780	"m"	"Casado"	2	1	"Mensual"	"s"	3	2
102363	22	24775	"m"	"Soltero"	1	1	"Mensual"	"s"	1	1
101396	21	24775	"m"	"Casado"	1	1	"Mensual"	"s"	2	1
102221	21	24770	"m"	"Soltero"	1	3	"Mensual"	"n"	2	1
101556	22	24766	"m"	"Casado"	1	2	"Mensual"	"s"	3	1
101366	27	24753	"f"	"Casado"	2	0	"Quincenal"	"s"	3	2
102692	24	24749	"m"	"Soltero"	1	1	"Quincenal"	"s"	2	1
102833	25	24741	"m"	"Soltero"	1	1	"Quincenal"	"n"	1	1
102112	29	24738	"f"	"Soltero"	0	3	"Quincenal"	"n"	1	1
103763	40	24723	"m"	"Casado"	2	3	"Mensual"	"s"	4	1
101838	24	24718	"f"	"Casado"	1	1	"Quincenal"	"s"	2	1
101675	23	24718	"f"	"Casado"	1	0	"Mensual"	"s"	1	2
102116	32	24715	"m"	"Soltero"	1	3	"Quincenal"	"n"	3	1
101398	21	24711	"m"	"Casado"	1	2	"Quincenal"	"s"	1	1
101942	25	24698	"m"	"Casado"	1	2	"Quincenal"	"s"	2	2
101685	23	24695	"m"	"Casado"	1	1	"Quincenal"	"s"	3	1
101656	23	24685	"f"	"Casado"	2	0	"Quincenal"	"s"	2	1
101504	22	24676	"f"	"Casado"	1	0	"Mensual"	"s"	3	1
101062	36	24673	"m"	"Casado"	2	0	"Quincenal"	"s"	2	1
101694	23	24665	"f"	"Casado"	1	2	"Mensual"	"s"	1	2
101527	34	24661	"f"	"Casado"	1	2	"Mensual"	"s"	3	1
102855	25	24657	"f"	"Soltero"	0	1	"Quincenal"	"n"	2	1
102251	21	24644	"m"	"Soltero"	1	2	"Quincenal"	"s"	3	1
103044	42	24632	"m"	"ViuSepDiv"	4	6	"Quincenal"	"s"	4	3
102371	22	24632	"m"	"Soltero"	0	3	"Quincenal"	"n"	2	1
102424	22	24626	"m"	"Soltero"	1	3	"Quincenal"	"n"	1	1
101395	29	24622	"m"	"Casado"	2	0	"Quincenal"	"s"	2	2
103788	41	24618	"f"	"Casado"	2	3	"Mensual"	"s"	4	1
102856	30	24613	"f"	"Soltero"	0	2	"Mensual"	"s"	1	1
101386	21	24613	"f"	"Casado"	2	1	"Mensual"	"s"	2	1
102551	23	24612	"f"	"Soltero"	0	3	"Quincenal"	"s"	1	1
101795	38	24608	"f"	"Casado"	2	2	"Mensual"	"s"	3	2
102257	21	24600	"f"	"Soltero"	1	2	"Mensual"	"n"	2	1
102124	20	24597	"f"	"Soltero"	0	3	"Mensual"	"n"	2	1
101641	23	24596	"m"	"Casado"	1	2	"Quincenal"	"s"	3	1
102067	20	24582	"m"	"Soltero"	0	2	"Mensual"	"s"	3	1
102259	21	24579	"f"	"Soltero"	1	3	"Quincenal"	"n"	2	1
101806	24	24577	"m"	"Casado"	1	2	"Quincenal"	"s"	3	1
104064	49	24561	"m"	"Casado"	3	4	"Quincenal"	"s"	4	2
101383	21	24560	"f"	"Casado"	1	2	"Mensual"	"s"	1	1
101670	23	24559	"m"	"Casado"	1	0	"Mensual"	"s"	2	1
102081	20	24558	"m"	"Soltero"	1	1	"Quincenal"	"s"	3	1
103371	46	24549	"f"	"ViuSepDiv"	2	5	"Quincenal"	"n"	4	2
103821	42	24540	"m"	"Casado"	3	3	"Quincenal"	"s"	5	2
101642	23	24539	"f"	"Casado"	2	0	"Quincenal"	"s"	1	2
102901	40	24537	"f"	"ViuSepDiv"	3	5	"Quincenal"	"s"	5	2
102512	23	24535	"m"	"Soltero"	0	2	"Mensual"	"s"	3	1
101253	20	24530	"f"	"Casado"	2	0	"Mensual"	"s"	3	2
102387	22	24529	"f"	"Soltero"	0	3	"Mensual"	"s"	2	1
101266	20	24519	"f"	"Casado"	2	0	"Quincenal"	"s"	2	1
103385	46	24515	"m"	"ViuSepDiv"	2	5	"Quincenal"	"n"	4	2
101697	23	24512	"f"	"Casado"	1	2	"Quincenal"	"s"	2	2
101405	21	24512	"f"	"Casado"	2	2	"Quincenal"	"s"	3	2
103627	49	24510	"m"	"ViuSepDiv"	3	5	"Quincenal"	"s"	4	3
101226	20	24508	"f"	"Casado"	1	0	"Quincenal"	"s"	2	1
101230	20	24490	"m"	"Casado"	1	2	"Quincenal"	"s"	1	2
102805	25	24489	"f"	"Soltero"	1	3	"Quincenal"	"n"	1	1
103474	47	24479	"m"	"ViuSepDiv"	3	5	"Quincenal"	"n"	4	2
103641	49	24478	"f"	"ViuSepDiv"	4	6	"Quincenal"	"s"	3	2
102417	26	24472	"m"	"Soltero"	0	1	"Mensual"	"n"	3	1
101403	21	24469	"f"	"Casado"	2	2	"Quincenal"	"s"	2	1
103226	35	24466	"f"	"ViuSepDiv"	4	5	"Quincenal"	"n"	3	2
101096	19	24465	"f"	"Casado"	1	2	"Mensual"	"s"	1	1
102402	22	24464	"m"	"Soltero"	1	1	"Mensual"	"n"	1	1
101544	26	24453	"m"	"Casado"	1	0	"Quincenal"	"s"	3	1
100934	18	24429	"f"	"Casado"	2	2	"Quincenal"	"s"	1	2
102072	20	24421	"m"	"Soltero"	1	2	"Quincenal"	"n"	3	1
101967	28	24414	"f"	"Casado"	1	0	"Quincenal"	"s"	1	2
103377	46	24411	"f"	"ViuSepDiv"	4	6	"Quincenal"	"n"	4	3
102893	40	24392	"f"	"ViuSepDiv"	3	5	"Quincenal"	"s"	4	2
103631	49	24390	"m"	"ViuSepDiv"	2	5	"Quincenal"	"s"	5	2
102530	23	24384	"m"	"Soltero"	0	3	"Mensual"	"n"	3	1
102567	23	24376	"f"	"Soltero"	1	1	"Mensual"	"s"	2	1
103634	28	24374	"m"	"ViuSepDiv"	4	6	"Quincenal"	"s"	4	3
103472	47	24373	"f"	"ViuSepDiv"	3	6	"Quincenal"	"n"	3	3
103216	44	24371	"m"	"ViuSepDiv"	2	6	"Quincenal"	"n"	5	3
101384	21	24364	"f"	"Casado"	1	2	"Quincenal"	"s"	1	1
103558	27	24362	"f"	"ViuSepDiv"	3	6	"Quincenal"	"n"	3	2
102217	21	24362	"f"	"Soltero"	0	3	"Mensual"	"n"	1	1
101650	23	24355	"f"	"Casado"	2	0	"Mensual"	"s"	1	1
102243	21	24355	"f"	"Soltero"	0	1	"Mensual"	"n"	2	1
101268	32	24350	"f"	"Casado"	2	1	"Mensual"	"s"	3	2
101269	20	24343	"f"	"Casado"	2	1	"Quincenal"	"s"	2	1
102823	26	24342	"m"	"Soltero"	1	3	"Mensual"	"n"	2	1
101961	37	24330	"m"	"Casado"	1	0	"Quincenal"	"s"	2	2
102540	23	24316	"f"	"Soltero"	0	3	"Quincenal"	"n"	2	1
102400	22	24312	"m"	"Soltero"	0	3	"Quincenal"	"s"	1	1
101816	24	24307	"f"	"Casado"	2	0	"Quincenal"	"s"	3	1
103793	41	24304	"m"	"Casado"	2	4	"Mensual"	"s"	5	1
103956	35	24293	"f"	"Casado"	3	3	"Quincenal"	"s"	4	1
102390	22	24292	"m"	"Soltero"	1	1	"Quincenal"	"s"	2	1
102095	20	24290	"m"	"Soltero"	1	1	"Mensual"	"n"	3	1
101092	19	24289	"m"	"Casado"	2	2	"Mensual"	"s"	3	2
101503	22	24288	"m"	"Casado"	2	2	"Mensual"	"s"	3	1
103310	45	24281	"f"	"ViuSepDiv"	4	5	"Quincenal"	"n"	4	2
101570	22	24281	"f"	"Casado"	2	2	"Quincenal"	"s"	3	1
103790	41	24271	"f"	"Casado"	3	3	"Mensual"	"s"	4	2
101830	36	24271	"m"	"Casado"	1	0	"Quincenal"	"s"	3	2
102827	35	24255	"m"	"Soltero"	0	2	"Mensual"	"s"	2	1
101524	28	24250	"f"	"Casado"	2	2	"Quincenal"	"s"	3	1
101815	27	24245	"f"	"Casado"	2	0	"Quincenal"	"s"	1	1
101248	20	24245	"m"	"Casado"	2	2	"Mensual"	"s"	2	1
100933	18	24241	"m"	"Casado"	2	2	"Mensual"	"s"	1	2
101646	23	24236	"f"	"Casado"	2	2	"Quincenal"	"s"	3	1
102061	20	24228	"m"	"Soltero"	0	3	"Quincenal"	"s"	2	1
101829	24	24227	"m"	"Casado"	1	0	"Quincenal"	"s"	2	1
102362	22	24226	"m"	"Soltero"	0	3	"Quincenal"	"s"	3	1
101095	19	24217	"m"	"Casado"	1	1	"Quincenal"	"s"	3	2
102818	25	24216	"f"	"Soltero"	0	3	"Mensual"	"s"	3	1
103389	46	24211	"m"	"ViuSepDiv"	4	5	"Quincenal"	"n"	3	2
102102	20	24211	"f"	"Soltero"	0	1	"Quincenal"	"n"	1	1
101643	23	24210	"f"	"Casado"	2	2	"Mensual"	"s"	2	1
101079	19	24192	"m"	"Casado"	2	2	"Quincenal"	"s"	2	2
102841	25	24182	"f"	"Soltero"	0	2	"Quincenal"	"s"	2	1
101091	19	24175	"m"	"Casado"	2	1	"Quincenal"	"s"	1	1
102507	23	24164	"m"	"Soltero"	1	1	"Quincenal"	"n"	1	1
101566	22	24164	"m"	"Casado"	1	2	"Quincenal"	"s"	2	2
102968	41	24160	"f"	"ViuSepDiv"	2	6	"Quincenal"	"n"	5	2
102563	23	24157	"m"	"Soltero"	0	2	"Mensual"	"s"	1	1
102105	20	24148	"m"	"Soltero"	0	3	"Quincenal"	"s"	1	1
102274	21	24138	"m"	"Soltero"	1	1	"Mensual"	"s"	1	1
101114	19	24135	"f"	"Casado"	2	2	"Quincenal"	"s"	2	1
101060	19	24127	"f"	"Casado"	1	1	"Quincenal"	"s"	2	2
101223	20	24118	"f"	"Casado"	1	2	"Quincenal"	"s"	2	2
102121	37	24112	"m"	"Soltero"	1	3	"Mensual"	"s"	3	1
101546	22	24112	"f"	"Casado"	1	1	"Quincenal"	"s"	1	1
102503	23	24101	"m"	"Soltero"	0	2	"Quincenal"	"n"	3	1
101645	23	24092	"m"	"Casado"	2	2	"Quincenal"	"s"	2	2
102529	23	24076	"m"	"Soltero"	0	3	"Mensual"	"n"	2	1
104055	49	24056	"m"	"Casado"	3	3	"Mensual"	"s"	4	1
102837	28	24044	"m"	"Soltero"	1	3	"Quincenal"	"s"	1	1
103988	47	24025	"f"	"Casado"	3	3	"Quincenal"	"s"	4	1
101687	23	24005	"m"	"Casado"	1	0	"Mensual"	"s"	3	1
103299	45	23999	"f"	"ViuSepDiv"	2	5	"Quincenal"	"s"	5	3
102716	24	23998	"f"	"Soltero"	0	3	"Quincenal"	"n"	2	1
101089	19	23997	"m"	"Casado"	2	0	"Quincenal"	"s"	3	2
102682	24	23993	"m"	"Soltero"	1	3	"Quincenal"	"s"	1	1
101260	20	23986	"f"	"Casado"	1	1	"Mensual"	"s"	2	1
101678	23	23983	"f"	"Casado"	1	2	"Mensual"	"s"	2	2
102811	25	23944	"f"	"Soltero"	0	3	"Mensual"	"s"	2	1
103468	47	23940	"m"	"ViuSepDiv"	2	5	"Quincenal"	"n"	5	3
102822	25	23923	"m"	"Soltero"	1	1	"Mensual"	"s"	3	1
101563	22	23919	"m"	"Casado"	1	1	"Quincenal"	"s"	3	1
103045	42	23902	"f"	"ViuSepDiv"	2	5	"Quincenal"	"s"	5	3
103140	43	23897	"m"	"ViuSepDiv"	2	5	"Quincenal"	"n"	3	3
103885	44	23890	"f"	"Casado"	3	4	"Mensual"	"s"	4	1
101209	20	23882	"f"	"Casado"	1	0	"Mensual"	"s"	2	2
103139	43	23861	"m"	"ViuSepDiv"	2	5	"Quincenal"	"s"	3	3
101677	27	23861	"f"	"Casado"	1	1	"Mensual"	"s"	1	1
101367	21	23857	"m"	"Casado"	2	1	"Quincenal"	"s"	3	2
103301	45	23837	"m"	"ViuSepDiv"	3	6	"Quincenal"	"s"	5	3
102977	41	23836	"f"	"ViuSepDiv"	4	5	"Quincenal"	"s"	4	3
101653	23	23834	"f"	"Casado"	2	1	"Quincenal"	"s"	3	1
103893	44	23830	"m"	"Casado"	3	3	"Mensual"	"s"	5	1
102579	23	23827	"f"	"Soltero"	1	2	"Quincenal"	"n"	2	1
101229	20	23827	"m"	"Casado"	1	2	"Mensual"	"s"	3	2
101689	34	23812	"f"	"Casado"	1	0	"Quincenal"	"s"	3	2
102731	24	23807	"m"	"Soltero"	1	2	"Quincenal"	"n"	3	1
100928	18	23796	"m"	"Casado"	2	2	"Quincenal"	"s"	3	1
102410	22	23793	"f"	"Soltero"	0	2	"Mensual"	"s"	2	1
100907	18	23789	"f"	"Casado"	1	1	"Mensual"	"s"	1	2
103565	38	23788	"m"	"ViuSepDiv"	4	5	"Quincenal"	"n"	4	2
101515	22	23772	"m"	"Casado"	1	2	"Quincenal"	"s"	1	1
102119	20	23766	"m"	"Soltero"	1	2	"Mensual"	"n"	2	1
101048	33	23754	"f"	"Casado"	2	0	"Mensual"	"s"	2	1
102541	27	23751	"m"	"Soltero"	1	1	"Mensual"	"s"	1	1
101356	21	23739	"f"	"Casado"	2	0	"Mensual"	"s"	1	2
102721	24	23735	"f"	"Soltero"	0	1	"Quincenal"	"n"	1	1
102220	21	23735	"m"	"Soltero"	1	3	"Mensual"	"n"	1	1
101376	21	23728	"f"	"Casado"	1	2	"Mensual"	"s"	2	1
102515	33	23725	"f"	"Soltero"	0	3	"Mensual"	"s"	3	1
103224	44	23718	"m"	"ViuSepDiv"	3	6	"Quincenal"	"n"	5	3
103055	42	23708	"f"	"ViuSepDiv"	3	5	"Quincenal"	"s"	4	2
103302	45	23705	"f"	"ViuSepDiv"	3	6	"Quincenal"	"n"	3	3
101833	24	23703	"m"	"Casado"	2	1	"Quincenal"	"s"	3	2
101088	19	23703	"m"	"Casado"	2	0	"Mensual"	"s"	3	1
101929	25	23698	"f"	"Casado"	2	2	"Mensual"	"s"	3	1
103553	48	23688	"m"	"ViuSepDiv"	4	6	"Quincenal"	"n"	3	3
101234	20	23680	"f"	"Casado"	2	1	"Mensual"	"s"	2	2
100901	18	23677	"f"	"Casado"	2	1	"Mensual"	"s"	2	2
101953	25	23671	"f"	"Casado"	1	2	"Quincenal"	"s"	3	2
102219	30	23662	"f"	"Soltero"	1	2	"Quincenal"	"n"	2	1
101960	25	23656	"m"	"Casado"	1	0	"Mensual"	"s"	3	1
100916	18	23643	"m"	"Casado"	1	2	"Quincenal"	"s"	3	2
102262	21	23641	"f"	"Soltero"	0	3	"Mensual"	"s"	3	1
102857	25	23628	"m"	"Soltero"	0	3	"Mensual"	"s"	3	1
100895	18	23626	"m"	"Casado"	2	2	"Mensual"	"s"	3	1
103551	48	23618	"f"	"ViuSepDiv"	4	5	"Quincenal"	"n"	4	3
102543	23	23604	"m"	"Soltero"	1	2	"Mensual"	"s"	3	1
101832	24	23599	"m"	"Casado"	2	1	"Mensual"	"s"	2	2
101256	20	23599	"m"	"Casado"	2	2	"Mensual"	"s"	1	2
101955	25	23594	"m"	"Casado"	2	1	"Mensual"	"s"	3	2
102416	22	23593	"m"	"Soltero"	0	1	"Mensual"	"n"	2	1
101534	32	23588	"f"	"Casado"	1	1	"Mensual"	"s"	3	2
102524	23	23586	"f"	"Soltero"	1	2	"Mensual"	"s"	1	1
104097	50	23585	"m"	"Casado"	3	4	"Quincenal"	"s"	4	2
101654	23	23581	"f"	"Casado"	1	1	"Quincenal"	"s"	1	2
101080	19	23578	"m"	"Casado"	2	2	"Quincenal"	"s"	3	1
101948	25	23566	"f"	"Casado"	2	0	"Quincenal"	"s"	1	2
101652	23	23557	"m"	"Casado"	2	1	"Mensual"	"s"	2	2
101547	22	23552	"f"	"Casado"	1	1	"Quincenal"	"s"	1	2
103701	50	23550	"m"	"ViuSepDiv"	4	5	"Quincenal"	"n"	3	3
103792	41	23546	"f"	"Casado"	2	4	"Quincenal"	"s"	5	1
100938	18	23540	"f"	"Casado"	2	1	"Mensual"	"s"	1	2
103391	46	23531	"m"	"ViuSepDiv"	4	6	"Quincenal"	"n"	4	3
101691	23	23527	"m"	"Casado"	1	2	"Quincenal"	"s"	1	2
103293	45	23511	"f"	"ViuSepDiv"	4	5	"Quincenal"	"s"	3	2
101220	30	23510	"f"	"Casado"	1	2	"Mensual"	"s"	3	2
102361	22	23492	"f"	"Soltero"	0	3	"Quincenal"	"s"	2	1
103225	44	23444	"m"	"ViuSepDiv"	4	5	"Quincenal"	"s"	4	3
103548	48	23439	"f"	"ViuSepDiv"	3	5	"Quincenal"	"s"	5	3
102076	20	23429	"m"	"Soltero"	0	2	"Mensual"	"s"	1	1
101553	22	23386	"m"	"Casado"	1	1	"Quincenal"	"s"	1	2
103562	48	23385	"m"	"ViuSepDiv"	2	6	"Quincenal"	"n"	3	2
102078	20	23379	"f"	"Soltero"	0	2	"Mensual"	"n"	1	1
101110	19	23374	"f"	"Casado"	2	1	"Mensual"	"s"	2	1
103554	48	23372	"m"	"ViuSepDiv"	4	6	"Quincenal"	"n"	4	3
103291	45	23372	"f"	"ViuSepDiv"	3	5	"Quincenal"	"s"	5	2
103756	40	23361	"m"	"Casado"	2	3	"Mensual"	"s"	5	1
101075	19	23343	"m"	"Casado"	2	1	"Mensual"	"s"	2	2
102070	20	23335	"f"	"Soltero"	1	1	"Mensual"	"n"	1	1
102712	24	23331	"m"	"Soltero"	1	2	"Quincenal"	"s"	3	1
101966	25	23329	"m"	"Casado"	2	2	"Quincenal"	"s"	3	1
100918	18	23317	"f"	"Casado"	2	0	"Quincenal"	"s"	1	1
101536	22	23314	"m"	"Casado"	1	2	"Quincenal"	"s"	2	2
102720	24	23287	"f"	"Soltero"	0	1	"Quincenal"	"s"	3	1
102266	21	23279	"f"	"Soltero"	1	2	"Mensual"	"n"	3	1
102699	24	23259	"f"	"Soltero"	1	3	"Mensual"	"n"	1	1
102248	21	23252	"f"	"Soltero"	0	3	"Mensual"	"s"	3	1
103464	47	23250	"f"	"ViuSepDiv"	3	6	"Quincenal"	"s"	4	2
102090	20	23249	"f"	"Soltero"	1	3	"Quincenal"	"s"	1	1
101212	37	23246	"f"	"Casado"	1	2	"Mensual"	"s"	1	2
101640	23	23238	"m"	"Casado"	1	2	"Mensual"	"s"	1	2
101363	21	23234	"m"	"Casado"	1	1	"Quincenal"	"s"	2	1
103962	26	23229	"m"	"Casado"	3	3	"Mensual"	"s"	4	2
101235	20	23227	"m"	"Casado"	2	1	"Quincenal"	"s"	1	1
102359	22	23217	"f"	"Soltero"	0	1	"Mensual"	"n"	2	1
101842	37	23201	"f"	"Casado"	2	2	"Quincenal"	"s"	1	1
101078	19	23185	"m"	"Casado"	2	2	"Mensual"	"s"	1	1
101693	23	23182	"m"	"Casado"	1	0	"Mensual"	"s"	1	2
102117	20	23182	"f"	"Soltero"	1	1	"Mensual"	"s"	2	1
103463	47	23177	"m"	"ViuSepDiv"	3	5	"Quincenal"	"n"	3	3
101665	23	23175	"f"	"Casado"	2	0	"Quincenal"	"s"	2	1
101233	20	23172	"m"	"Casado"	2	0	"Quincenal"	"s"	3	1
101401	21	23149	"m"	"Casado"	2	1	"Mensual"	"s"	2	2
101676	23	23147	"m"	"Casado"	1	0	"Quincenal"	"s"	1	2
103546	48	23130	"m"	"ViuSepDiv"	2	5	"Quincenal"	"s"	3	2
102578	23	23125	"f"	"Soltero"	1	2	"Quincenal"	"s"	2	1
102850	25	23119	"m"	"Soltero"	0	3	"Quincenal"	"s"	2	1
101979	32	23118	"f"	"Casado"	2	1	"Mensual"	"s"	1	2
102501	23	23115	"f"	"Soltero"	0	2	"Mensual"	"s"	1	1
100925	18	23106	"m"	"Casado"	2	1	"Mensual"	"s"	2	1
101113	19	23104	"f"	"Casado"	2	1	"Mensual"	"s"	1	1
102099	20	23094	"m"	"Soltero"	1	3	"Mensual"	"s"	1	1
103466	47	23089	"f"	"ViuSepDiv"	4	5	"Quincenal"	"n"	3	2
101045	19	23086	"m"	"Casado"	1	1	"Quincenal"	"s"	2	2
103924	45	23084	"f"	"Casado"	2	3	"Quincenal"	"s"	4	2
101049	19	23076	"m"	"Casado"	2	1	"Mensual"	"s"	3	1
102115	20	23064	"f"	"Soltero"	1	3	"Mensual"	"n"	2	1
101930	25	23060	"m"	"Casado"	2	2	"Quincenal"	"s"	3	2
101204	20	23054	"f"	"Casado"	1	1	"Quincenal"	"s"	2	1
101848	30	23042	"f"	"Casado"	2	0	"Mensual"	"s"	2	1
102864	25	23040	"m"	"Soltero"	0	3	"Mensual"	"n"	2	1
102082	20	23038	"f"	"Soltero"	1	1	"Quincenal"	"n"	1	1
101392	21	23031	"m"	"Casado"	1	2	"Mensual"	"s"	2	2
101083	19	23023	"f"	"Casado"	2	1	"Quincenal"	"s"	2	2
101402	21	23021	"m"	"Casado"	2	1	"Quincenal"	"s"	3	1
103475	29	23005	"m"	"ViuSepDiv"	3	6	"Quincenal"	"s"	4	3
102174	21	22994	"m"	"Soltero"	1	1	"Quincenal"	"n"	1	1
101441	22	22972	"f"	"Casado"	1	0	"Quincenal"	"s"	2	2
101293	21	22961	"m"	"Casado"	1	1	"Mensual"	"s"	2	2
102466	23	22952	"f"	"Soltero"	1	1	"Mensual"	"s"	1	1
101590	36	22942	"m"	"Casado"	1	2	"Mensual"	"s"	1	2
103746	40	22930	"f"	"Casado"	3	4	"Quincenal"	"s"	5	1
101883	25	22918	"m"	"Casado"	2	1	"Mensual"	"s"	3	1
102198	21	22901	"m"	"Soltero"	0	3	"Mensual"	"s"	1	1
101426	30	22889	"m"	"Casado"	2	1	"Mensual"	"s"	3	1
101467	22	22889	"m"	"Casado"	1	1	"Mensual"	"s"	2	2
102595	24	22883	"f"	"Soltero"	0	2	"Mensual"	"n"	2	1
103287	45	22877	"f"	"ViuSepDiv"	4	6	"Quincenal"	"n"	4	3
101767	24	22877	"m"	"Casado"	2	0	"Mensual"	"s"	1	1
101923	25	22864	"m"	"Casado"	2	2	"Mensual"	"s"	2	2
101777	27	22857	"m"	"Casado"	1	0	"Mensual"	"s"	2	1
102487	30	22845	"m"	"Soltero"	1	1	"Mensual"	"s"	2	1
102313	22	22833	"f"	"Soltero"	0	2	"Mensual"	"s"	2	1
100955	19	22833	"f"	"Casado"	1	2	"Quincenal"	"s"	1	2
101771	24	22830	"f"	"Casado"	1	1	"Quincenal"	"s"	1	2
102208	21	22821	"f"	"Soltero"	0	2	"Quincenal"	"s"	2	1
102434	23	22816	"f"	"Soltero"	1	2	"Quincenal"	"n"	2	1
100953	38	22812	"m"	"Casado"	1	0	"Quincenal"	"s"	3	1
101484	22	22810	"f"	"Casado"	2	2	"Quincenal"	"s"	3	2
100971	19	22789	"f"	"Casado"	2	2	"Mensual"	"s"	2	1
103531	48	22760	"m"	"ViuSepDiv"	2	5	"Quincenal"	"s"	4	3
102664	37	22758	"m"	"Soltero"	0	3	"Mensual"	"n"	2	1
102947	41	22752	"m"	"ViuSepDiv"	3	5	"Quincenal"	"s"	5	3
101035	26	22750	"f"	"Casado"	1	2	"Quincenal"	"s"	2	1
102330	22	22743	"f"	"Soltero"	0	3	"Quincenal"	"s"	1	1
103616	49	22742	"f"	"ViuSepDiv"	2	6	"Quincenal"	"s"	5	3
102639	36	22742	"m"	"Soltero"	0	1	"Mensual"	"n"	3	1
100887	18	22724	"f"	"Casado"	1	2	"Quincenal"	"s"	3	1
101857	25	22710	"f"	"Casado"	1	1	"Quincenal"	"s"	2	1
100821	18	22707	"m"	"Casado"	1	1	"Quincenal"	"s"	3	1
100835	18	22699	"m"	"Casado"	1	2	"Mensual"	"s"	3	2
101193	20	22694	"f"	"Casado"	1	0	"Mensual"	"s"	2	1
103532	48	22673	"f"	"ViuSepDiv"	2	5	"Quincenal"	"n"	3	2
100870	18	22668	"m"	"Casado"	2	0	"Mensual"	"s"	3	2
102024	20	22617	"m"	"Soltero"	0	2	"Quincenal"	"n"	3	1
102134	21	22607	"f"	"Soltero"	0	1	"Mensual"	"n"	1	1
101489	22	22602	"m"	"Casado"	2	0	"Mensual"	"s"	2	1
102611	24	22595	"f"	"Soltero"	0	3	"Mensual"	"n"	3	1
100993	19	22585	"f"	"Casado"	1	2	"Mensual"	"s"	2	2
102334	22	22583	"m"	"Soltero"	0	1	"Mensual"	"n"	2	1
102661	24	22580	"m"	"Soltero"	0	2	"Mensual"	"n"	1	1
101188	20	22569	"m"	"Casado"	2	0	"Quincenal"	"s"	1	2
101902	25	22559	"m"	"Casado"	1	0	"Mensual"	"s"	3	2
102479	23	22534	"m"	"Soltero"	1	1	"Quincenal"	"s"	1	1
102456	23	22528	"f"	"Soltero"	0	3	"Quincenal"	"n"	2	1
103442	30	22525	"f"	"ViuSepDiv"	3	6	"Quincenal"	"n"	3	3
101203	20	22501	"m"	"Casado"	2	2	"Quincenal"	"s"	2	2
102211	21	22493	"f"	"Soltero"	1	1	"Mensual"	"n"	2	1
102164	21	22447	"f"	"Soltero"	1	2	"Mensual"	"n"	1	1
100848	18	22446	"f"	"Casado"	1	2	"Quincenal"	"s"	2	2
102350	22	22441	"f"	"Soltero"	1	2	"Quincenal"	"n"	3	1
101145	20	22432	"f"	"Casado"	2	0	"Quincenal"	"s"	3	2
102433	23	22425	"f"	"Soltero"	1	1	"Quincenal"	"s"	1	1
104051	49	22423	"m"	"Casado"	3	4	"Mensual"	"s"	5	1
102014	35	22374	"m"	"Soltero"	1	2	"Quincenal"	"s"	3	1
102665	24	22351	"m"	"Soltero"	1	1	"Quincenal"	"s"	2	1
101030	19	22335	"m"	"Casado"	2	2	"Mensual"	"s"	2	2
101744	38	22331	"m"	"Casado"	1	0	"Mensual"	"s"	3	2
103370	46	22328	"m"	"ViuSepDiv"	3	6	"Quincenal"	"n"	5	2
100957	19	22318	"f"	"Casado"	2	1	"Mensual"	"s"	1	1
101194	20	22310	"f"	"Casado"	1	1	"Mensual"	"s"	1	1
102345	22	22294	"m"	"Soltero"	0	1	"Mensual"	"n"	1	1
104053	49	22281	"f"	"Casado"	3	3	"Mensual"	"s"	5	1
101996	20	22277	"f"	"Soltero"	1	2	"Mensual"	"s"	3	1
102189	21	22269	"m"	"Soltero"	1	1	"Quincenal"	"s"	1	1
102285	22	22253	"f"	"Soltero"	0	1	"Quincenal"	"n"	3	1
103690	50	22238	"f"	"ViuSepDiv"	4	5	"Quincenal"	"n"	4	3
101876	25	22234	"f"	"Casado"	1	0	"Quincenal"	"s"	1	1
102031	20	22234	"f"	"Soltero"	0	2	"Quincenal"	"s"	1	1
101165	20	22222	"m"	"Casado"	2	2	"Quincenal"	"s"	3	1
102327	22	22217	"f"	"Soltero"	0	1	"Mensual"	"s"	3	1
101016	19	22216	"m"	"Casado"	2	2	"Quincenal"	"s"	3	1
102044	20	22214	"m"	"Soltero"	0	1	"Mensual"	"n"	3	1
101864	25	22192	"m"	"Casado"	2	1	"Mensual"	"s"	1	1
101862	25	22166	"f"	"Casado"	1	1	"Mensual"	"s"	2	1
101858	25	22154	"m"	"Casado"	1	1	"Quincenal"	"s"	2	2
101148	20	22152	"m"	"Casado"	1	0	"Mensual"	"s"	3	1
101480	26	22146	"f"	"Casado"	2	0	"Quincenal"	"s"	2	2
102138	21	22136	"f"	"Soltero"	0	2	"Quincenal"	"s"	3	1
102297	37	22121	"f"	"Soltero"	1	2	"Quincenal"	"s"	2	1
102204	21	22112	"m"	"Soltero"	1	2	"Quincenal"	"n"	3	1
101007	19	22109	"m"	"Casado"	2	0	"Quincenal"	"s"	3	1
102151	21	22099	"f"	"Soltero"	1	3	"Mensual"	"s"	2	1
103119	43	22087	"m"	"ViuSepDiv"	3	6	"Quincenal"	"s"	4	3
101339	21	22084	"f"	"Casado"	2	0	"Quincenal"	"s"	2	1
100983	19	22082	"m"	"Casado"	1	1	"Quincenal"	"s"	3	2
101631	28	22070	"f"	"Casado"	1	2	"Quincenal"	"s"	2	1
102649	24	22033	"f"	"Soltero"	0	3	"Quincenal"	"n"	2	1
101004	19	22029	"f"	"Casado"	1	2	"Mensual"	"s"	1	1
102785	25	22028	"m"	"Soltero"	0	3	"Mensual"	"s"	3	1
102153	21	22008	"f"	"Soltero"	0	1	"Quincenal"	"n"	3	1
101448	22	22007	"f"	"Casado"	1	0	"Mensual"	"s"	2	2
101434	22	21991	"m"	"Casado"	2	0	"Quincenal"	"s"	1	1
101782	24	21950	"f"	"Casado"	1	2	"Quincenal"	"s"	3	2
101759	24	21937	"f"	"Casado"	2	2	"Quincenal"	"s"	3	1
102447	23	21914	"m"	"Soltero"	1	1	"Mensual"	"n"	3	1
102308	22	21908	"m"	"Soltero"	1	3	"Quincenal"	"n"	3	1
100826	18	21875	"m"	"Casado"	1	0	"Quincenal"	"s"	3	1
101018	19	21864	"m"	"Casado"	1	1	"Quincenal"	"s"	2	1
102319	32	21841	"f"	"Soltero"	1	2	"Mensual"	"n"	1	1
102462	23	21832	"m"	"Soltero"	0	3	"Mensual"	"n"	3	1
100841	18	21829	"m"	"Casado"	1	0	"Quincenal"	"s"	3	2
103353	46	21827	"f"	"ViuSepDiv"	2	5	"Quincenal"	"s"	5	3
102033	20	21826	"m"	"Soltero"	1	2	"Mensual"	"n"	3	1
101462	22	21814	"m"	"Casado"	2	0	"Quincenal"	"s"	1	1
102651	24	21801	"m"	"Soltero"	1	1	"Mensual"	"n"	2	1
103685	50	21782	"m"	"ViuSepDiv"	4	6	"Quincenal"	"s"	4	3
102960	41	21772	"f"	"ViuSepDiv"	3	5	"Quincenal"	"n"	5	3
101461	32	21772	"m"	"Casado"	1	2	"Quincenal"	"s"	3	1
103202	37	21742	"f"	"ViuSepDiv"	2	5	"Quincenal"	"n"	4	2
103691	30	21737	"f"	"ViuSepDiv"	4	5	"Quincenal"	"n"	5	2
103954	46	21732	"m"	"Casado"	3	3	"Mensual"	"s"	5	2
101770	24	21731	"f"	"Casado"	1	1	"Quincenal"	"s"	1	1
101192	20	21702	"f"	"Casado"	2	1	"Quincenal"	"s"	3	1
102291	22	21701	"f"	"Soltero"	0	1	"Mensual"	"s"	3	1
103681	50	21685	"m"	"ViuSepDiv"	2	5	"Quincenal"	"n"	4	3
103275	45	21676	"f"	"ViuSepDiv"	2	5	"Quincenal"	"n"	5	3
103875	44	21673	"m"	"Casado"	3	3	"Mensual"	"s"	4	2
102311	22	21671	"m"	"Soltero"	1	2	"Mensual"	"s"	3	1
102883	40	21650	"m"	"ViuSepDiv"	4	5	"Quincenal"	"s"	5	3
101431	22	21626	"m"	"Casado"	1	1	"Mensual"	"s"	3	2
102765	29	21623	"f"	"Soltero"	1	2	"Quincenal"	"n"	1	1
102213	38	21620	"f"	"Soltero"	1	3	"Quincenal"	"s"	1	1
102494	23	21620	"m"	"Soltero"	1	1	"Mensual"	"s"	3	1
102795	26	21610	"m"	"Soltero"	1	1	"Mensual"	"s"	1	1
103113	27	21595	"f"	"ViuSepDiv"	4	6	"Quincenal"	"n"	4	2
100954	19	21592	"m"	"Casado"	1	2	"Mensual"	"s"	3	1
101011	34	21582	"f"	"Casado"	1	2	"Mensual"	"s"	1	2
101000	19	21580	"f"	"Casado"	1	0	"Quincenal"	"s"	2	1
102149	21	21563	"f"	"Soltero"	1	1	"Quincenal"	"s"	1	1
101621	23	21554	"m"	"Casado"	2	2	"Quincenal"	"s"	1	1
102150	21	21550	"f"	"Soltero"	1	1	"Quincenal"	"s"	3	1
101139	20	21548	"m"	"Casado"	2	1	"Quincenal"	"s"	1	1
101320	21	21535	"f"	"Casado"	1	1	"Mensual"	"s"	3	1
101471	22	21532	"m"	"Casado"	2	0	"Mensual"	"s"	1	1
101872	25	21531	"f"	"Casado"	1	0	"Quincenal"	"s"	2	2
100877	18	21525	"f"	"Casado"	2	0	"Quincenal"	"s"	2	1
102954	33	21519	"f"	"ViuSepDiv"	4	6	"Quincenal"	"n"	4	3
101458	22	21515	"m"	"Casado"	2	0	"Mensual"	"s"	3	2
101999	38	21479	"f"	"Soltero"	0	1	"Quincenal"	"n"	1	1
102750	32	21438	"f"	"Soltero"	1	1	"Quincenal"	"s"	2	1
102635	24	21438	"m"	"Soltero"	1	1	"Quincenal"	"s"	2	1
101454	22	21425	"f"	"Casado"	2	1	"Quincenal"	"s"	3	1
103612	33	21413	"m"	"ViuSepDiv"	3	6	"Quincenal"	"s"	4	3
102769	25	21403	"m"	"Soltero"	0	3	"Mensual"	"s"	1	1
101314	21	21394	"m"	"Casado"	1	2	"Mensual"	"s"	1	1
101010	19	21392	"m"	"Casado"	1	0	"Quincenal"	"s"	2	2
101754	24	21382	"m"	"Casado"	2	1	"Mensual"	"s"	1	1
103197	44	21329	"f"	"ViuSepDiv"	4	5	"Quincenal"	"n"	5	2
102341	22	21324	"f"	"Soltero"	0	1	"Quincenal"	"n"	2	1
100820	18	21321	"m"	"Casado"	1	0	"Mensual"	"s"	2	2
101166	20	21306	"m"	"Casado"	1	1	"Mensual"	"s"	3	1
103984	47	21290	"f"	"Casado"	3	4	"Mensual"	"s"	5	2
101748	24	21290	"m"	"Casado"	1	2	"Quincenal"	"s"	3	2
100867	18	21287	"f"	"Casado"	1	2	"Mensual"	"s"	3	2
101457	22	21271	"f"	"Casado"	1	2	"Mensual"	"s"	3	1
102051	38	21269	"f"	"Soltero"	0	1	"Mensual"	"s"	3	1
101726	24	21253	"m"	"Casado"	2	1	"Quincenal"	"s"	2	1
101141	20	21242	"m"	"Casado"	1	0	"Quincenal"	"s"	2	2
102162	21	21238	"m"	"Soltero"	1	1	"Mensual"	"n"	3	1
101347	21	21212	"m"	"Casado"	2	0	"Quincenal"	"s"	2	2
101335	21	21200	"m"	"Casado"	1	0	"Mensual"	"s"	1	1
100842	27	21190	"f"	"Casado"	1	1	"Quincenal"	"s"	3	1
101877	28	21175	"m"	"Casado"	1	0	"Quincenal"	"s"	3	1
101627	36	21173	"f"	"Casado"	1	0	"Quincenal"	"s"	1	1
101132	33	21166	"m"	"Casado"	2	1	"Quincenal"	"s"	1	1
102444	23	21155	"f"	"Soltero"	0	2	"Quincenal"	"s"	1	1
101321	21	21141	"m"	"Casado"	1	1	"Quincenal"	"s"	1	2
101009	19	21138	"m"	"Casado"	1	0	"Mensual"	"s"	3	2
103449	47	21127	"f"	"ViuSepDiv"	2	5	"Quincenal"	"n"	3	3
101887	25	21126	"m"	"Casado"	1	2	"Quincenal"	"s"	3	1
101760	24	21117	"f"	"Casado"	1	1	"Mensual"	"s"	2	1
102652	24	21104	"f"	"Soltero"	1	3	"Mensual"	"s"	1	1
101307	21	21088	"f"	"Casado"	2	0	"Quincenal"	"s"	2	2
100882	18	21066	"m"	"Casado"	2	0	"Mensual"	"s"	3	2
104089	50	21061	"f"	"Casado"	3	4	"Mensual"	"s"	5	1
102778	25	21060	"f"	"Soltero"	1	3	"Mensual"	"s"	2	1
101776	24	21049	"m"	"Casado"	2	1	"Quincenal"	"s"	3	1
102478	23	21035	"f"	"Soltero"	1	1	"Mensual"	"n"	1	1
101764	24	21007	"f"	"Casado"	1	2	"Mensual"	"s"	2	2
103913	22	20992	"m"	"Casado"	3	4	"Mensual"	"s"	5	2
101179	31	20988	"m"	"Casado"	2	0	"Quincenal"	"s"	2	1
101450	22	20984	"m"	"Casado"	1	1	"Mensual"	"s"	3	2
101730	24	20970	"f"	"Casado"	2	1	"Mensual"	"s"	2	1
103618	49	20963	"f"	"ViuSepDiv"	3	5	"Quincenal"	"n"	3	3
102022	20	20961	"m"	"Soltero"	1	3	"Mensual"	"s"	2	1
101463	22	20959	"m"	"Casado"	2	1	"Quincenal"	"s"	3	1
100980	19	20946	"m"	"Casado"	1	0	"Quincenal"	"s"	1	1
102772	25	20942	"f"	"Soltero"	1	2	"Mensual"	"n"	3	1
103109	43	20941	"m"	"ViuSepDiv"	3	5	"Quincenal"	"s"	3	2
100996	33	20926	"f"	"Casado"	2	0	"Mensual"	"s"	3	1
102656	24	20923	"f"	"Soltero"	1	1	"Quincenal"	"s"	2	1
101778	24	20921	"f"	"Casado"	1	0	"Quincenal"	"s"	1	1
102475	23	20920	"m"	"Soltero"	0	1	"Mensual"	"n"	2	1
100883	18	20893	"m"	"Casado"	2	0	"Quincenal"	"s"	2	2
101122	20	20890	"m"	"Casado"	1	0	"Quincenal"	"s"	3	2
100884	18	20889	"f"	"Casado"	1	0	"Quincenal"	"s"	3	1
102161	21	20885	"m"	"Soltero"	1	1	"Mensual"	"n"	1	1
101126	20	20874	"m"	"Casado"	1	1	"Quincenal"	"s"	3	2
102758	38	20865	"f"	"Soltero"	1	2	"Quincenal"	"n"	3	1
100832	35	20857	"m"	"Casado"	1	0	"Quincenal"	"s"	2	2
102763	25	20837	"m"	"Soltero"	1	2	"Mensual"	"n"	1	1
101617	23	20828	"f"	"Casado"	1	0	"Quincenal"	"s"	1	2
101727	24	20818	"f"	"Casado"	2	2	"Mensual"	"s"	2	1
101779	24	20816	"f"	"Casado"	1	1	"Mensual"	"s"	2	2
102458	37	20799	"m"	"Soltero"	1	2	"Mensual"	"s"	2	1
103280	45	20790	"f"	"ViuSepDiv"	4	5	"Quincenal"	"s"	4	3
103978	47	20772	"f"	"Casado"	2	4	"Quincenal"	"s"	5	2
102470	27	20761	"f"	"Soltero"	0	3	"Mensual"	"n"	3	1
100989	19	20760	"f"	"Casado"	2	2	"Quincenal"	"s"	3	1
102015	20	20755	"f"	"Soltero"	1	3	"Mensual"	"s"	1	1
103198	44	20714	"f"	"ViuSepDiv"	4	6	"Quincenal"	"n"	4	3
102655	24	20710	"f"	"Soltero"	1	1	"Mensual"	"s"	1	1
101912	25	20704	"m"	"Casado"	1	2	"Quincenal"	"s"	2	2
102742	30	20686	"f"	"Soltero"	0	1	"Quincenal"	"s"	2	1
101866	25	20680	"f"	"Casado"	1	2	"Mensual"	"s"	2	1
102331	22	20670	"m"	"Soltero"	0	3	"Quincenal"	"s"	3	1
102210	21	20661	"f"	"Soltero"	0	3	"Quincenal"	"s"	3	1
102338	22	20660	"m"	"Soltero"	1	3	"Quincenal"	"n"	2	1
102007	20	20658	"f"	"Soltero"	0	3	"Quincenal"	"n"	2	1
102615	24	20639	"m"	"Soltero"	0	1	"Mensual"	"n"	1	1
101588	23	20631	"m"	"Casado"	2	2	"Quincenal"	"s"	3	1
102945	26	20617	"m"	"ViuSepDiv"	2	5	"Quincenal"	"n"	4	3
104086	50	20572	"f"	"Casado"	2	4	"Quincenal"	"s"	5	1
102743	25	20568	"m"	"Soltero"	0	1	"Quincenal"	"n"	2	1
101019	30	20546	"m"	"Casado"	1	2	"Quincenal"	"s"	1	1
102328	26	20542	"m"	"Soltero"	0	1	"Quincenal"	"s"	2	1
101032	19	20522	"f"	"Casado"	1	0	"Mensual"	"s"	2	2
100838	18	20521	"f"	"Casado"	2	0	"Mensual"	"s"	3	2
102005	20	20514	"f"	"Soltero"	0	2	"Mensual"	"s"	1	1
100854	18	20510	"f"	"Casado"	1	0	"Quincenal"	"s"	3	1
102305	29	20509	"f"	"Soltero"	1	2	"Mensual"	"n"	2	1
100986	19	20497	"f"	"Casado"	2	1	"Quincenal"	"s"	2	1
102875	40	20478	"m"	"ViuSepDiv"	4	5	"Quincenal"	"n"	5	2
101171	20	20478	"m"	"Casado"	2	2	"Quincenal"	"s"	2	1
101160	20	20453	"m"	"Casado"	1	2	"Quincenal"	"s"	1	1
103845	36	20452	"m"	"Casado"	3	3	"Quincenal"	"s"	4	1
101288	21	20448	"m"	"Casado"	1	0	"Quincenal"	"s"	2	2
101159	29	20444	"f"	"Casado"	1	2	"Mensual"	"s"	3	1
102016	35	20443	"f"	"Soltero"	1	3	"Quincenal"	"s"	3	1
101437	27	20438	"m"	"Casado"	2	2	"Mensual"	"s"	3	2
103193	38	20422	"f"	"ViuSepDiv"	2	6	"Quincenal"	"n"	3	3
101161	20	20419	"m"	"Casado"	1	2	"Quincenal"	"s"	3	2
101337	21	20417	"m"	"Casado"	1	2	"Quincenal"	"s"	1	1
101591	23	20405	"f"	"Casado"	1	2	"Mensual"	"s"	2	2
102207	21	20395	"m"	"Soltero"	0	2	"Mensual"	"s"	2	1
103201	44	20383	"m"	"ViuSepDiv"	2	5	"Quincenal"	"n"	3	2
101015	19	20380	"f"	"Casado"	2	1	"Mensual"	"s"	2	2
101416	22	20377	"m"	"Casado"	1	1	"Mensual"	"s"	2	1
101318	21	20375	"m"	"Casado"	2	1	"Mensual"	"s"	3	1
102300	22	20363	"f"	"Soltero"	0	1	"Mensual"	"s"	2	1
101775	24	20361	"f"	"Casado"	2	1	"Quincenal"	"s"	1	2
102602	24	20360	"m"	"Soltero"	1	1	"Mensual"	"s"	2	1
101310	21	20358	"m"	"Casado"	2	1	"Quincenal"	"s"	3	2
100849	38	20355	"f"	"Casado"	2	0	"Quincenal"	"s"	3	2
102197	21	20339	"f"	"Soltero"	0	1	"Quincenal"	"n"	1	1
102632	24	20323	"f"	"Soltero"	1	3	"Quincenal"	"s"	1	1
102469	23	20312	"f"	"Soltero"	0	1	"Mensual"	"n"	1	1
103539	48	20308	"f"	"ViuSepDiv"	4	6	"Quincenal"	"s"	4	3
101922	29	20292	"f"	"Casado"	2	1	"Quincenal"	"s"	1	2
102343	38	20287	"m"	"Soltero"	1	2	"Mensual"	"n"	3	1
100966	19	20287	"m"	"Casado"	1	0	"Mensual"	"s"	3	2
101456	22	20274	"f"	"Casado"	2	2	"Quincenal"	"s"	3	1
104083	29	20269	"m"	"Casado"	2	4	"Quincenal"	"s"	4	1
101346	21	20266	"m"	"Casado"	2	0	"Quincenal"	"s"	2	1
103207	44	20265	"f"	"ViuSepDiv"	4	5	"Quincenal"	"n"	4	2
103456	36	20254	"f"	"ViuSepDiv"	4	5	"Quincenal"	"n"	5	2
101722	24	20250	"m"	"Casado"	1	0	"Quincenal"	"s"	2	2
102316	22	20238	"m"	"Soltero"	0	2	"Quincenal"	"s"	1	1
101170	20	20238	"m"	"Casado"	2	2	"Mensual"	"s"	3	1
102598	24	20208	"f"	"Soltero"	1	2	"Mensual"	"n"	1	1
101330	21	20198	"m"	"Casado"	2	0	"Quincenal"	"s"	3	1
102643	24	20194	"f"	"Soltero"	1	2	"Quincenal"	"n"	1	1
100987	19	20191	"m"	"Casado"	2	2	"Mensual"	"s"	3	2
101190	32	20187	"f"	"Casado"	2	1	"Mensual"	"s"	3	2
101478	34	20175	"m"	"Casado"	1	2	"Quincenal"	"s"	1	1
101579	23	20158	"m"	"Casado"	1	0	"Quincenal"	"s"	3	2
101751	34	20153	"f"	"Casado"	1	1	"Quincenal"	"s"	1	1
102592	24	20146	"m"	"Soltero"	0	1	"Quincenal"	"s"	1	1
103777	41	20117	"f"	"Casado"	2	3	"Mensual"	"s"	4	2
102882	40	20104	"m"	"ViuSepDiv"	2	6	"Quincenal"	"n"	4	2
101756	24	20098	"f"	"Casado"	2	1	"Quincenal"	"s"	2	2
103536	48	20096	"f"	"ViuSepDiv"	3	6	"Quincenal"	"n"	4	3
103613	49	20082	"m"	"ViuSepDiv"	4	6	"Quincenal"	"n"	5	2
102307	22	20075	"m"	"Soltero"	1	3	"Mensual"	"n"	3	1
101350	29	20041	"m"	"Casado"	2	2	"Mensual"	"s"	1	1
101633	23	20026	"m"	"Casado"	2	0	"Mensual"	"s"	3	2
102650	24	20022	"f"	"Soltero"	1	1	"Mensual"	"s"	3	1
101424	27	20019	"m"	"Casado"	2	0	"Quincenal"	"s"	1	2
102617	24	20002	"m"	"Soltero"	0	2	"Quincenal"	"n"	3	1
103352	29	19950	"m"	"ViuSepDiv"	4	6	"Quincenal"	"n"	4	2
102870	40	19945	"f"	"ViuSepDiv"	2	6	"Quincenal"	"s"	4	2
100808	18	19847	"f"	"Casado"	2	0	"Quincenal"	"s"	2	2
103020	42	19779	"f"	"ViuSepDiv"	2	5	"Quincenal"	"n"	5	3
103836	43	19599	"f"	"Casado"	2	3	"Mensual"	"s"	5	2
103346	46	19584	"f"	"ViuSepDiv"	2	6	"Quincenal"	"n"	3	2
100950	19	19519	"f"	"Casado"	1	2	"Mensual"	"s"	1	1
101710	24	19511	"f"	"Casado"	1	2	"Quincenal"	"s"	1	1
103025	42	19457	"m"	"ViuSepDiv"	3	5	"Quincenal"	"s"	5	3
100946	19	19122	"m"	"Casado"	1	0	"Mensual"	"s"	1	1
101542	30	18997	"f"	"Casado"	2	2	"Mensual"	"s"	3	2
100839	33	18977	"f"	"Casado"	2	2	"Mensual"	"s"	2	1
101002	19	18976	"f"	"Casado"	1	1	"Quincenal"	"s"	1	1
101586	23	18943	"m"	"Casado"	2	0	"Quincenal"	"s"	2	1
103433	32	18903	"f"	"ViuSepDiv"	4	5	"Quincenal"	"n"	4	3
101468	22	18889	"f"	"Casado"	1	1	"Quincenal"	"s"	1	2
103606	28	18885	"m"	"ViuSepDiv"	4	6	"Quincenal"	"s"	5	3
102356	22	18853	"m"	"Soltero"	1	3	"Mensual"	"s"	1	1
103181	44	18791	"f"	"ViuSepDiv"	2	6	"Quincenal"	"n"	3	3
101741	24	18787	"f"	"Casado"	2	0	"Mensual"	"s"	1	2
102155	21	18787	"f"	"Soltero"	0	3	"Mensual"	"n"	1	1
102587	24	18749	"f"	"Soltero"	1	2	"Quincenal"	"n"	3	1
101931	25	18730	"f"	"Casado"	1	0	"Mensual"	"s"	3	1
102791	25	18698	"f"	"Soltero"	0	3	"Mensual"	"n"	3	1
102378	22	18685	"f"	"Soltero"	0	3	"Mensual"	"s"	1	1
102183	21	18684	"f"	"Soltero"	1	3	"Mensual"	"n"	1	1
101925	38	18651	"m"	"Casado"	1	0	"Quincenal"	"s"	1	2
102426	38	18629	"m"	"Soltero"	0	1	"Mensual"	"s"	3	1
103566	48	18628	"m"	"ViuSepDiv"	4	6	"Quincenal"	"s"	3	2
102365	22	18613	"f"	"Soltero"	1	1	"Mensual"	"n"	3	1
104048	49	18586	"m"	"Casado"	2	4	"Quincenal"	"s"	5	2
102553	23	18581	"m"	"Soltero"	1	1	"Quincenal"	"s"	1	1
103190	44	18576	"m"	"ViuSepDiv"	4	6	"Quincenal"	"n"	5	2
101943	25	18563	"m"	"Casado"	1	2	"Quincenal"	"s"	3	2
101131	20	18559	"f"	"Casado"	2	1	"Mensual"	"s"	3	2
101705	32	18532	"f"	"Casado"	1	0	"Quincenal"	"s"	3	2
100915	18	18530	"m"	"Casado"	1	2	"Quincenal"	"s"	1	1
102163	30	18492	"f"	"Soltero"	1	2	"Mensual"	"s"	1	1
103822	27	18488	"m"	"Casado"	2	4	"Mensual"	"s"	5	2
101323	21	18456	"f"	"Casado"	2	0	"Quincenal"	"s"	2	1
101849	24	18450	"f"	"Casado"	2	0	"Quincenal"	"s"	1	2
102900	28	18407	"f"	"ViuSepDiv"	2	6	"Quincenal"	"n"	5	2
101103	19	18329	"f"	"Casado"	1	0	"Mensual"	"s"	1	2
103755	40	18298	"m"	"Casado"	2	4	"Quincenal"	"s"	4	1
103183	44	18291	"f"	"ViuSepDiv"	3	5	"Quincenal"	"n"	4	3
103609	49	18284	"m"	"ViuSepDiv"	2	6	"Quincenal"	"s"	4	2
100924	18	18279	"f"	"Casado"	1	2	"Mensual"	"s"	1	2
101275	21	18265	"m"	"Casado"	1	1	"Mensual"	"s"	3	1
103605	49	18257	"m"	"ViuSepDiv"	4	6	"Quincenal"	"s"	4	3
103363	46	18242	"f"	"ViuSepDiv"	4	6	"Quincenal"	"s"	3	3
101957	25	18221	"m"	"Casado"	2	2	"Mensual"	"s"	2	2
101844	24	18211	"m"	"Casado"	1	0	"Quincenal"	"s"	1	2
102020	20	18188	"m"	"Soltero"	0	3	"Mensual"	"n"	1	1
101439	22	18162	"f"	"Casado"	1	0	"Mensual"	"s"	2	1
102171	21	18161	"f"	"Soltero"	0	2	"Quincenal"	"s"	3	1
102834	33	18134	"f"	"Soltero"	1	2	"Mensual"	"n"	1	1
101315	33	18108	"m"	"Casado"	1	2	"Quincenal"	"s"	1	1
101474	22	18062	"f"	"Casado"	1	0	"Mensual"	"s"	1	1
103872	44	18031	"m"	"Casado"	3	3	"Quincenal"	"s"	4	2
103028	42	18023	"m"	"ViuSepDiv"	4	6	"Quincenal"	"s"	4	2
101973	25	18012	"f"	"Casado"	2	0	"Quincenal"	"s"	1	1
101745	24	18008	"m"	"Casado"	1	0	"Quincenal"	"s"	2	2
103455	47	17989	"f"	"ViuSepDiv"	4	5	"Quincenal"	"n"	4	3
102738	25	17946	"f"	"Soltero"	1	3	"Mensual"	"n"	1	1
102360	22	17926	"f"	"Soltero"	0	1	"Quincenal"	"s"	1	1
101492	22	17921	"f"	"Casado"	2	1	"Quincenal"	"s"	1	1
101191	20	17921	"m"	"Casado"	2	1	"Quincenal"	"s"	2	1
102096	20	17921	"m"	"Soltero"	1	2	"Quincenal"	"s"	1	1
103188	44	17906	"m"	"ViuSepDiv"	4	6	"Quincenal"	"s"	4	3
101724	34	17891	"f"	"Casado"	1	1	"Quincenal"	"s"	1	2
102934	41	17862	"m"	"ViuSepDiv"	2	6	"Quincenal"	"s"	3	3
102612	24	17845	"f"	"Soltero"	1	1	"Quincenal"	"s"	2	1
101119	20	17830	"m"	"Casado"	2	2	"Mensual"	"s"	1	2
101851	38	17830	"m"	"Casado"	2	1	"Quincenal"	"s"	3	2
104093	50	17821	"f"	"Casado"	3	3	"Mensual"	"s"	5	1
100864	18	17795	"f"	"Casado"	1	1	"Quincenal"	"s"	3	1
103272	45	17791	"f"	"ViuSepDiv"	4	5	"Quincenal"	"n"	5	2
102320	22	17785	"f"	"Soltero"	0	1	"Mensual"	"s"	3	1
102510	35	17753	"f"	"Soltero"	1	3	"Mensual"	"s"	2	1
102937	41	17729	"f"	"ViuSepDiv"	4	5	"Quincenal"	"s"	3	2
101820	24	17722	"f"	"Casado"	1	2	"Mensual"	"s"	2	1
104010	48	17705	"m"	"Casado"	2	3	"Quincenal"	"s"	4	2
103138	43	17698	"f"	"ViuSepDiv"	4	6	"Quincenal"	"s"	4	2
103026	42	17680	"f"	"ViuSepDiv"	4	5	"Quincenal"	"s"	4	2
103839	43	17641	"f"	"Casado"	2	4	"Quincenal"	"s"	4	1
102733	25	17572	"m"	"Soltero"	0	1	"Mensual"	"n"	2	1
102068	20	17570	"f"	"Soltero"	0	3	"Mensual"	"n"	3	1
102897	40	17562	"f"	"ViuSepDiv"	4	5	"Quincenal"	"s"	3	2
102760	25	17535	"m"	"Soltero"	1	3	"Quincenal"	"n"	1	1
102160	21	17527	"m"	"Soltero"	0	2	"Quincenal"	"n"	1	1
101411	22	17512	"m"	"Casado"	1	1	"Mensual"	"s"	3	1
103977	31	17454	"m"	"Casado"	3	3	"Quincenal"	"s"	5	2
101789	24	17425	"m"	"Casado"	2	2	"Quincenal"	"s"	3	2
102212	21	17418	"m"	"Soltero"	1	2	"Quincenal"	"n"	3	1
100843	18	17383	"f"	"Casado"	1	2	"Mensual"	"s"	3	2
101279	21	17314	"f"	"Casado"	2	2	"Mensual"	"s"	1	2
102214	21	17254	"m"	"Soltero"	0	1	"Quincenal"	"n"	1	1
101388	21	17232	"f"	"Casado"	2	1	"Quincenal"	"s"	3	1
102736	25	17221	"f"	"Soltero"	1	1	"Quincenal"	"s"	2	1
101657	23	17203	"f"	"Casado"	2	0	"Quincenal"	"s"	2	2
100990	19	17168	"m"	"Casado"	1	0	"Mensual"	"s"	2	1
103552	48	17117	"f"	"ViuSepDiv"	4	5	"Quincenal"	"n"	5	2
102867	25	17100	"f"	"Soltero"	1	3	"Quincenal"	"n"	2	1
102558	23	17098	"f"	"Soltero"	0	2	"Quincenal"	"s"	1	1
103022	37	17091	"f"	"ViuSepDiv"	2	6	"Quincenal"	"n"	4	2
103958	46	17088	"f"	"Casado"	2	4	"Quincenal"	"s"	5	2
101304	21	17078	"m"	"Casado"	2	2	"Quincenal"	"s"	3	2
103629	49	17072	"m"	"ViuSepDiv"	4	6	"Quincenal"	"s"	4	2
103453	28	17055	"f"	"ViuSepDiv"	4	5	"Quincenal"	"s"	5	3
101638	23	17022	"f"	"Casado"	1	0	"Mensual"	"s"	3	2
103542	48	16984	"f"	"ViuSepDiv"	3	5	"Quincenal"	"n"	3	3
100828	18	16975	"m"	"Casado"	1	1	"Quincenal"	"s"	1	2
102910	40	16965	"f"	"ViuSepDiv"	4	6	"Quincenal"	"s"	3	3
101780	24	16960	"m"	"Casado"	1	1	"Mensual"	"s"	3	2
100984	19	16942	"f"	"Casado"	1	2	"Quincenal"	"s"	1	2
101660	23	16935	"f"	"Casado"	2	1	"Quincenal"	"s"	3	1
103187	28	16932	"m"	"ViuSepDiv"	4	5	"Quincenal"	"n"	4	3
103796	41	16921	"m"	"Casado"	3	3	"Mensual"	"s"	5	1
102821	25	16886	"f"	"Soltero"	0	3	"Quincenal"	"n"	2	1
103999	47	16874	"f"	"Casado"	3	3	"Quincenal"	"s"	5	1
101105	19	16873	"f"	"Casado"	1	0	"Quincenal"	"s"	2	2
102193	36	16852	"f"	"Soltero"	0	2	"Quincenal"	"s"	2	1
102312	22	16844	"m"	"Soltero"	0	1	"Quincenal"	"s"	1	1
101261	20	16828	"m"	"Casado"	1	1	"Quincenal"	"s"	1	1
103731	50	16823	"m"	"ViuSepDiv"	4	5	"Quincenal"	"n"	3	3
101017	19	16819	"f"	"Casado"	1	1	"Quincenal"	"s"	1	1
101176	20	16797	"f"	"Casado"	1	2	"Mensual"	"s"	3	1
103528	48	16779	"f"	"ViuSepDiv"	4	5	"Quincenal"	"s"	3	2
103151	43	16771	"m"	"ViuSepDiv"	4	5	"Quincenal"	"s"	3	2
101199	20	16770	"f"	"Casado"	2	2	"Quincenal"	"s"	3	2
102629	24	16766	"m"	"Soltero"	0	3	"Mensual"	"n"	2	1
103706	50	16760	"f"	"ViuSepDiv"	3	6	"Quincenal"	"n"	3	2
101708	24	16726	"m"	"Casado"	1	2	"Mensual"	"s"	2	2
101490	22	16712	"f"	"Casado"	2	0	"Quincenal"	"s"	2	2
101365	21	16709	"m"	"Casado"	1	2	"Mensual"	"s"	2	1
102278	22	16693	"f"	"Soltero"	0	1	"Mensual"	"s"	1	1
101069	19	16673	"m"	"Casado"	1	0	"Mensual"	"s"	2	1
101156	20	16668	"f"	"Casado"	1	0	"Quincenal"	"s"	2	1
102186	21	16652	"m"	"Soltero"	0	3	"Quincenal"	"s"	1	1
101064	19	16639	"f"	"Casado"	2	1	"Quincenal"	"s"	2	2
103886	36	16636	"f"	"Casado"	3	3	"Mensual"	"s"	5	2
101702	23	16629	"f"	"Casado"	2	2	"Mensual"	"s"	2	2
103688	50	16584	"f"	"ViuSepDiv"	3	5	"Quincenal"	"s"	3	3
102799	25	16576	"f"	"Soltero"	0	3	"Quincenal"	"s"	2	1
100875	18	16570	"m"	"Casado"	1	2	"Quincenal"	"s"	1	1
102064	20	16551	"m"	"Soltero"	1	3	"Quincenal"	"s"	2	1
102873	40	16523	"m"	"ViuSepDiv"	3	6	"Quincenal"	"s"	4	2
102634	24	16523	"f"	"Soltero"	0	3	"Quincenal"	"s"	3	1
103881	44	16494	"f"	"Casado"	2	4	"Quincenal"	"s"	5	1
100973	19	16488	"f"	"Casado"	1	2	"Mensual"	"s"	1	2
101998	34	16487	"m"	"Soltero"	1	3	"Quincenal"	"n"	3	1
103276	45	16485	"m"	"ViuSepDiv"	2	6	"Quincenal"	"s"	3	3
102580	23	16481	"f"	"Soltero"	1	3	"Mensual"	"n"	3	1
102640	24	16472	"f"	"Soltero"	0	3	"Mensual"	"s"	1	1
102851	25	16461	"m"	"Soltero"	1	1	"Mensual"	"s"	1	1
101792	24	16454	"f"	"Casado"	1	0	"Quincenal"	"s"	3	1
101342	21	16414	"m"	"Casado"	2	2	"Mensual"	"s"	2	1
103635	33	16412	"f"	"ViuSepDiv"	4	6	"Quincenal"	"n"	5	3
101211	29	16412	"m"	"Casado"	1	1	"Quincenal"	"s"	1	2
101757	24	16399	"f"	"Casado"	2	2	"Mensual"	"s"	2	2
101861	25	16397	"f"	"Casado"	1	0	"Quincenal"	"s"	1	1
102583	24	16384	"f"	"Soltero"	0	3	"Mensual"	"n"	3	1
102084	20	16379	"m"	"Soltero"	1	2	"Quincenal"	"n"	3	1
101987	20	16356	"m"	"Soltero"	1	1	"Quincenal"	"s"	1	1
104012	48	16355	"m"	"Casado"	3	4	"Mensual"	"s"	4	2
101905	25	16333	"f"	"Casado"	2	1	"Mensual"	"s"	2	1
104095	32	16331	"f"	"Casado"	2	4	"Mensual"	"s"	5	1
102346	22	16326	"m"	"Soltero"	0	2	"Mensual"	"s"	2	1
101639	23	16324	"m"	"Casado"	1	1	"Quincenal"	"s"	3	2
103354	46	16318	"f"	"ViuSepDiv"	2	6	"Quincenal"	"s"	4	3
103603	49	16312	"f"	"ViuSepDiv"	3	5	"Quincenal"	"n"	3	2
100810	18	16301	"f"	"Casado"	2	1	"Mensual"	"s"	1	2
101587	26	16300	"m"	"Casado"	2	0	"Quincenal"	"s"	3	2
103357	46	16298	"m"	"ViuSepDiv"	3	5	"Quincenal"	"s"	3	3
102066	32	16296	"f"	"Soltero"	0	2	"Mensual"	"s"	1	1
101475	22	16242	"f"	"Casado"	1	0	"Quincenal"	"s"	3	1
102369	22	16232	"f"	"Soltero"	0	1	"Quincenal"	"s"	3	1
102654	26	16207	"m"	"Soltero"	0	2	"Mensual"	"s"	2	1
102516	23	16205	"m"	"Soltero"	0	3	"Mensual"	"n"	3	1
101024	19	16201	"m"	"Casado"	1	1	"Quincenal"	"s"	1	1
101152	20	16174	"m"	"Casado"	2	1	"Quincenal"	"s"	1	2
101711	24	16158	"m"	"Casado"	2	0	"Mensual"	"s"	2	1
101378	21	16049	"f"	"Casado"	2	0	"Quincenal"	"s"	3	1
103101	43	16045	"m"	"ViuSepDiv"	2	5	"Quincenal"	"s"	4	2
100885	18	16017	"f"	"Casado"	1	1	"Mensual"	"s"	3	2
102435	23	15987	"f"	"Soltero"	1	3	"Quincenal"	"s"	3	1
104057	49	15978	"f"	"Casado"	2	4	"Quincenal"	"s"	4	1
102098	20	15966	"f"	"Soltero"	1	2	"Quincenal"	"s"	3	1
102322	22	15941	"m"	"Soltero"	0	2	"Mensual"	"s"	2	1
101414	22	15935	"m"	"Casado"	1	2	"Mensual"	"s"	2	2
101362	21	15929	"f"	"Casado"	1	1	"Mensual"	"s"	2	2
102831	25	15918	"f"	"Soltero"	0	1	"Mensual"	"n"	2	1
100969	19	15872	"m"	"Casado"	2	1	"Mensual"	"s"	2	2
102293	22	15867	"f"	"Soltero"	0	2	"Mensual"	"n"	1	1
103269	45	15848	"f"	"ViuSepDiv"	2	5	"Quincenal"	"s"	3	2
102348	31	15841	"m"	"Soltero"	1	1	"Quincenal"	"s"	2	1
101329	21	15781	"m"	"Casado"	2	0	"Mensual"	"s"	3	1
100002	25	15777	"m"	"Soltero"	0	0	"Mensual"	"s"	1	0
102302	22	15774	"f"	"Soltero"	0	2	"Mensual"	"s"	1	1
101216	20	15758	"f"	"Casado"	2	0	"Quincenal"	"s"	2	2
102337	22	15752	"m"	"Soltero"	1	3	"Quincenal"	"s"	1	1
100809	18	15739	"m"	"Casado"	2	0	"Quincenal"	"s"	3	2
102195	21	15736	"m"	"Soltero"	1	3	"Quincenal"	"n"	2	1
103350	46	15732	"m"	"ViuSepDiv"	4	5	"Quincenal"	"n"	5	2
100999	19	15701	"m"	"Casado"	2	2	"Quincenal"	"s"	3	2
101477	22	15701	"f"	"Casado"	1	1	"Quincenal"	"s"	3	1
101021	19	15647	"m"	"Casado"	1	0	"Mensual"	"s"	2	1
100227	42	15646	"f"	"Soltero"	0	0	"Mensual"	"s"	1	0
101932	25	15637	"f"	"Casado"	1	1	"Quincenal"	"s"	1	2
103887	44	15628	"m"	"Casado"	2	4	"Mensual"	"s"	5	1
102453	36	15604	"f"	"Soltero"	1	3	"Mensual"	"n"	2	1
100947	19	15599	"f"	"Casado"	1	0	"Mensual"	"s"	3	2
102561	23	15587	"f"	"Soltero"	1	1	"Quincenal"	"n"	2	1
101624	23	15582	"f"	"Casado"	1	0	"Mensual"	"s"	2	2
103985	28	15518	"f"	"Casado"	2	4	"Quincenal"	"s"	4	2
103917	26	15511	"m"	"Casado"	3	4	"Mensual"	"s"	5	1
101831	24	15496	"f"	"Casado"	2	0	"Mensual"	"s"	3	1
103270	45	15468	"m"	"ViuSepDiv"	2	6	"Quincenal"	"n"	3	3
102283	22	15462	"f"	"Soltero"	1	3	"Mensual"	"n"	2	1
101299	21	15462	"f"	"Casado"	1	2	"Quincenal"	"s"	3	1
102449	23	15460	"f"	"Soltero"	1	2	"Quincenal"	"n"	1	1
101003	36	15449	"m"	"Casado"	1	1	"Quincenal"	"s"	2	2
103972	46	15419	"f"	"Casado"	2	3	"Quincenal"	"s"	4	1
101215	20	15412	"m"	"Casado"	2	0	"Quincenal"	"s"	2	1
102370	22	15409	"m"	"Soltero"	0	3	"Mensual"	"n"	1	1
103345	37	15328	"f"	"ViuSepDiv"	2	5	"Quincenal"	"s"	5	2
102002	35	15316	"f"	"Soltero"	1	1	"Quincenal"	"n"	1	1
102872	40	15290	"f"	"ViuSepDiv"	2	6	"Quincenal"	"n"	5	2
101055	19	15286	"f"	"Casado"	1	2	"Quincenal"	"s"	1	2
103949	46	15268	"m"	"Casado"	2	4	"Mensual"	"s"	4	1
102737	25	15258	"f"	"Soltero"	1	1	"Quincenal"	"n"	2	1
102379	22	15195	"m"	"Soltero"	0	3	"Mensual"	"s"	2	1
100071	30	15185	"f"	"Soltero"	0	1	"Mensual"	"s"	1	0
103116	43	15170	"f"	"ViuSepDiv"	2	5	"Quincenal"	"n"	4	2
101298	21	15142	"f"	"Casado"	1	1	"Mensual"	"s"	2	1
103857	43	15138	"m"	"Casado"	3	3	"Mensual"	"s"	5	1
101085	19	15138	"f"	"Casado"	1	0	"Quincenal"	"s"	2	2
101108	19	15096	"m"	"Casado"	2	0	"Quincenal"	"s"	3	2
102152	21	15090	"f"	"Soltero"	1	3	"Quincenal"	"s"	3	1
101738	24	15087	"f"	"Casado"	1	1	"Mensual"	"s"	1	1
103846	43	15082	"f"	"Casado"	2	4	"Quincenal"	"s"	5	2
101118	20	15064	"m"	"Casado"	1	2	"Mensual"	"s"	2	2
101289	21	15062	"m"	"Casado"	2	0	"Quincenal"	"s"	2	2
102172	21	15050	"f"	"Soltero"	0	3	"Mensual"	"s"	2	1
102584	24	15045	"m"	"Soltero"	1	1	"Mensual"	"s"	1	1
